slide_no,slide_id,state,description_before_coordinates,latitude,longitude,description_after_coordinates,raw_record
878,ARN/WK/83A12/2016/01,Arunachal Pradesh,West Kameng Bhalukpong Circuit House slide NE of Bhalukpong Helipad,27.018342,92.6356,Debris Slide 1 July 2016 at 12:20 hrs.,878 ARN/WK/83A12/2016/01 Arunachal Pradesh West Kameng Bhalukpong Circuit House slide NE of Bhalukpong Helipad 27.018342 92.6356 Debris Slide 1 July 2016 at 12:20 hrs.
879,AR/WKG/83A12/2021/051,Arunachal Pradesh,West Kameng Bhalukpong Cicuit House Slide Bhalukpong Circuit House,27.018583,92.635667,Soil Slide NA,879 AR/WKG/83A12/2021/051 Arunachal Pradesh West Kameng Bhalukpong Cicuit House Slide Bhalukpong Circuit House 27.018583 92.635667 Soil Slide NA
884,AP/WK/83E12/2008/A-9,Arunachal Pradesh,West Kameng Slide at Tippi,27.035278,92.610556,Rock cum Debris Slide 2008,884 AP/WK/83E12/2008/A-9 Arunachal Pradesh West Kameng Slide at Tippi  27.035278 92.610556 Rock cum Debris Slide 2008
885,AR/WKG/83A12/2021/050,Arunachal Pradesh,West Kameng Tippi Slide NH 13/ Tippi,27.036111,92.603333,Debris Flow NA,885 AR/WKG/83A12/2021/050 Arunachal Pradesh West Kameng Tippi Slide NH 13/ Tippi 27.036111 92.603333 Debris Flow NA
894,AR/WKA/83A12/2014/23,Arunachal Pradesh,West Kameng  NH-13,27.06658,92.59572,Debris Slide 2013,894 AR/WKA/83A12/2014/23 Arunachal Pradesh West Kameng  NH-13 27.06658 92.59572 Debris Slide 2013
904,AR/WKG/83A12/2021/001,Arunachal Pradesh,West Kameng NH 13 Slide 1 NH 13/ SW of Elephant Flat,27.086139,92.584361,Debris Slide NA,904 AR/WKG/83A12/2021/001 Arunachal Pradesh West Kameng NH 13 Slide 1 NH 13/ SW of Elephant Flat 27.086139 92.584361 Debris Slide NA
905,AP/WK/83E12/2008/A-10,Arunachal Pradesh,West Kameng Slide at 10km SE of Sessa Village,27.086667,92.585278,Debris  2008,905 AP/WK/83E12/2008/A-10 Arunachal Pradesh West Kameng Slide at 10km SE of Sessa Village  27.086667 92.585278 Debris  2008
909,AR/WKG/83A12/2021/057,Arunachal Pradesh,West Kameng Pinjori-Kimi Road Slide 6 Pinjori-Kimi Road,27.092028,92.597028,Rock Slide NA,909 AR/WKG/83A12/2021/057 Arunachal Pradesh West Kameng Pinjori-Kimi Road Slide 6 Pinjori-Kimi Road 27.092028 92.597028 Rock Slide NA
911,AP/WK/83E12/2008/A-11,Arunachal Pradesh,West Kameng Slide at 15km SE of Sessa Village,27.093889,92.591389,Debris  2008,911 AP/WK/83E12/2008/A-11 Arunachal Pradesh West Kameng Slide at 15km SE of Sessa Village  27.093889 92.591389 Debris  2008
915,AR/WKG/83A12/2021/052,Arunachal Pradesh,West Kameng Pinjori-Kimi Road Slide 1 Pinjori-Kimi Road,27.099083,92.626306,Debris Slide NA,915 AR/WKG/83A12/2021/052 Arunachal Pradesh West Kameng Pinjori-Kimi Road Slide 1 Pinjori-Kimi Road 27.099083 92.626306 Debris Slide NA
925,AR/WKG/83A12/2021/053,Arunachal Pradesh,West Kameng Pinjori-Kimi Road Slide 2 Pinjori-Kimi Road,27.103639,92.76025,Rock Slide NA,925 AR/WKG/83A12/2021/053 Arunachal Pradesh West Kameng Pinjori-Kimi Road Slide 2 Pinjori-Kimi Road 27.103639 92.76025 Rock Slide NA
928,AR/WKG/83A12/2021/004,Arunachal Pradesh,West Kameng East of Sessa Slide 2 NH 13/ E of Sessa,27.105083,92.555222,Debris Slide NA,928 AR/WKG/83A12/2021/004 Arunachal Pradesh West Kameng East of Sessa Slide 2 NH 13/ E of Sessa 27.105083 92.555222 Debris Slide NA
929,AR/WKG/83A12/2021/003,Arunachal Pradesh,West Kameng East of Sessa Slide 1 N130? of NH 13/ E of Sessa,27.1055,92.556278,Debris Slide NA,929 AR/WKG/83A12/2021/003 Arunachal Pradesh West Kameng East of Sessa Slide 1 N130? of NH 13/ E of Sessa 27.1055 92.556278 Debris Slide NA
934,AR/WKG/83A12/2021/002,Arunachal Pradesh,West Kameng NH 13 Slide 2 NH 13/ NW of Elephant Flat,27.106939,92.573544,Debris Slide NA Sl.No. Slide_No State District Slide_Name NH_SH_Location Latitude Longitude Material Involved Movement Type History,934 AR/WKG/83A12/2021/002 Arunachal Pradesh West Kameng NH 13 Slide 2 NH 13/ NW of Elephant Flat 27.106939 92.573544 Debris Slide NA Sl.No. Slide_No State District Slide_Name NH_SH_Location Latitude Longitude Material Involved Movement Type History
936,AR/WKG/83A12/2021/048,Arunachal Pradesh,West Kameng NH 13 Slide 33 NH 13/ Sedal,27.1105,92.537444,Debris Slide NA,936 AR/WKG/83A12/2021/048 Arunachal Pradesh West Kameng NH 13 Slide 33 NH 13/ Sedal 27.1105 92.537444 Debris Slide NA
939,AR/WKG/83A12/2021/046,Arunachal Pradesh,West Kameng Seppa Road Slide 7 Seppa Road Section,27.112694,92.543472,Debris Slide NA,939 AR/WKG/83A12/2021/046 Arunachal Pradesh West Kameng Seppa Road Slide 7 Seppa Road Section 27.112694 92.543472 Debris Slide NA
940,AR/WKG/83A12/2021/005,Arunachal Pradesh,West Kameng NH 13 Slide 3 NH 13,27.11375,92.537583,Debris Slide NA,940 AR/WKG/83A12/2021/005 Arunachal Pradesh West Kameng NH 13 Slide 3 NH 13 27.11375 92.537583 Debris Slide NA
943,AR/WKG/83A12/2021/054,Arunachal Pradesh,West Kameng Pinjori-Kimi Road Slide 3 Pinjori-Kimi Road,27.115694,92.763028,Rock Slide NA,943 AR/WKG/83A12/2021/054 Arunachal Pradesh West Kameng Pinjori-Kimi Road Slide 3 Pinjori-Kimi Road 27.115694 92.763028 Rock Slide NA
945,AR/WKG/83A12/2021/047,Arunachal Pradesh,West Kameng NH 13 Slide 32 NH 13/ Sedal,27.116194,92.543111,Debris Slide NA,945 AR/WKG/83A12/2021/047 Arunachal Pradesh West Kameng NH 13 Slide 32 NH 13/ Sedal 27.116194 92.543111 Debris Slide NA
959,AR/WKG/83A12/2021/055,Arunachal Pradesh,West Kameng Pinjori-Kimi Road Slide 4 Pinjori-Kimi Road,27.134444,92.599611,Debris Slide NA,959 AR/WKG/83A12/2021/055 Arunachal Pradesh West Kameng Pinjori-Kimi Road Slide 4 Pinjori-Kimi Road 27.134444 92.599611 Debris Slide NA
963,AR/WKG/83A12/2021/056,Arunachal Pradesh,West Kameng Pinjori-Kimi Road Slide 5 Pinjori-Kimi Road,27.148056,92.613889,Debris Slide NA,963 AR/WKG/83A12/2021/056 Arunachal Pradesh West Kameng Pinjori-Kimi Road Slide 5 Pinjori-Kimi Road 27.148056 92.613889 Debris Slide NA
965,AR/WKG/83A12/2021/006,Arunachal Pradesh,West Kameng NH 13 Slide 4 NH 13,27.152417,92.561778,Debris Slide NA,965 AR/WKG/83A12/2021/006 Arunachal Pradesh West Kameng NH 13 Slide 4 NH 13 27.152417 92.561778 Debris Slide NA
966,AR/WKG/83A12/2021/007,Arunachal Pradesh,West Kameng NH 13 Slide 5 NH 13,27.153056,92.56175,Debris Slide NA,966 AR/WKG/83A12/2021/007 Arunachal Pradesh West Kameng NH 13 Slide 5 NH 13 27.153056 92.56175 Debris Slide NA
978,AR/WKG/83A12/2021/041,Arunachal Pradesh,West Kameng Seppa Road Slide 2 Seppa Road Section,27.166306,92.587139,Debris Slide NA,978 AR/WKG/83A12/2021/041 Arunachal Pradesh West Kameng Seppa Road Slide 2 Seppa Road Section 27.166306 92.587139 Debris Slide NA
979,AR/WKG/83A12/2021/040,Arunachal Pradesh,West Kameng Seppa Road Slide 1 Seppa Road Section,27.167139,92.587917,Debris Slide NA,979 AR/WKG/83A12/2021/040 Arunachal Pradesh West Kameng Seppa Road Slide 1 Seppa Road Section 27.167139 92.587917 Debris Slide NA
991,AR/WKG/83A12/2021/042,Arunachal Pradesh,West Kameng Seppa Road Slide 3 Seppa Road Section,27.182278,92.599889,Debris Slide NA,991 AR/WKG/83A12/2021/042 Arunachal Pradesh West Kameng Seppa Road Slide 3 Seppa Road Section 27.182278 92.599889 Debris Slide NA
992,AR/WKG/83A12/2021/043,Arunachal Pradesh,West Kameng Seppa Road Slide 4 Seppa Road Section,27.183833,92.599333,Debris Slide NA,992 AR/WKG/83A12/2021/043 Arunachal Pradesh West Kameng Seppa Road Slide 4 Seppa Road Section 27.183833 92.599333 Debris Slide NA
997,AR/WKG/83A12/2021/044,Arunachal Pradesh,West Kameng Seppa Road Slide 5 Seppa Road Section,27.190861,92.607806,Debris Slide NA,997 AR/WKG/83A12/2021/044 Arunachal Pradesh West Kameng Seppa Road Slide 5 Seppa Road Section 27.190861 92.607806 Debris Slide NA
998,AR/WKG/83A12/2021/045,Arunachal Pradesh,West Kameng Seppa Road Slide 6 Seppa Road Section,27.191667,92.610111,Debris Slide NA,998 AR/WKG/83A12/2021/045 Arunachal Pradesh West Kameng Seppa Road Slide 6 Seppa Road Section 27.191667 92.610111 Debris Slide NA
1002,AR/WKG/83A12/2021/008,Arunachal Pradesh,West Kameng NH 13 Slide 6 NH 13,27.204139,92.529278,Rock Fall NA,1002 AR/WKG/83A12/2021/008 Arunachal Pradesh West Kameng NH 13 Slide 6 NH 13 27.204139 92.529278 Rock Fall NA
1003,AR/WKG/83A12/2021/009,Arunachal Pradesh,West Kameng NH 13 Slide 7 NH 13,27.20675,92.537389,Debris Slide NA,1003 AR/WKG/83A12/2021/009 Arunachal Pradesh West Kameng NH 13 Slide 7 NH 13 27.20675 92.537389 Debris Slide NA
1004,AR/WKG/83A12/2021/010,Arunachal Pradesh,West Kameng NH 13 Slide 8 NH 13,27.206917,92.537667,Debris Slide NA,1004 AR/WKG/83A12/2021/010 Arunachal Pradesh West Kameng NH 13 Slide 8 NH 13 27.206917 92.537667 Debris Slide NA
1008,AR/WKG/83A12/2021/011,Arunachal Pradesh,West Kameng NH 13 Slide 9 NH 13/ W of New Kaspi,27.208222,92.55475,Debris Slide NA,1008 AR/WKG/83A12/2021/011 Arunachal Pradesh West Kameng NH 13 Slide 9 NH 13/ W of New Kaspi 27.208222 92.55475 Debris Slide NA
1045,AR/WKG/83A12/2021/049,Arunachal Pradesh,West Kameng Seppa Road Slide 8 Seppa Road Section,27.248722,92.737722,Rock Slide NA,1045 AR/WKG/83A12/2021/049 Arunachal Pradesh West Kameng Seppa Road Slide 8 Seppa Road Section 27.248722 92.737722 Rock Slide NA
1057,AR/WKG/83A07/2021/012,Arunachal Pradesh,West Kameng West of Bomdila Slide 1 W of Bomdila,27.266667,92.404389,Debris Slide NA,1057 AR/WKG/83A07/2021/012 Arunachal Pradesh West Kameng West of Bomdila Slide 1 W of Bomdila 27.266667 92.404389 Debris Slide NA
1067,AR/WKG/83A07/2021/013,Arunachal Pradesh,West Kameng NH 13 Slide 10 NH 13/ NW of Bomdila,27.277417,92.425278,Debris Slide NA,1067 AR/WKG/83A07/2021/013 Arunachal Pradesh West Kameng NH 13 Slide 10 NH 13/ NW of Bomdila 27.277417 92.425278 Debris Slide NA
1068,AR/WKG/83A07/2021/014,Arunachal Pradesh,West Kameng NH 13 Slide 11 NH 13/ NW of Bomdila,27.278417,92.426917,Debris Slide NA,1068 AR/WKG/83A07/2021/014 Arunachal Pradesh West Kameng NH 13 Slide 11 NH 13/ NW of Bomdila 27.278417 92.426917 Debris Slide NA
1075,AR/WKG/83A07/2021/015,Arunachal Pradesh,West Kameng NH 13 Slide 12 NH 13/ S of Tinghei,27.291528,92.391778,Debris Slide NA,1075 AR/WKG/83A07/2021/015 Arunachal Pradesh West Kameng NH 13 Slide 12 NH 13/ S of Tinghei 27.291528 92.391778 Debris Slide NA
1076,AR/WKG/83A07/2021/016,Arunachal Pradesh,West Kameng NH 13 Slide 13 NH 13/ S of Tinghei,27.292167,92.391889,Debris Slide NA,1076 AR/WKG/83A07/2021/016 Arunachal Pradesh West Kameng NH 13 Slide 13 NH 13/ S of Tinghei 27.292167 92.391889 Debris Slide NA
1077,AR/WKG/83A07/2021/017,Arunachal Pradesh,West Kameng NH 13 Slide 14 NH 13/ S of Tinghei,27.292444,92.391861,Debris Slide NA,1077 AR/WKG/83A07/2021/017 Arunachal Pradesh West Kameng NH 13 Slide 14 NH 13/ S of Tinghei 27.292444 92.391861 Debris Slide NA
1079,AR/WKG/83A07/2021/018,Arunachal Pradesh,West Kameng NH 13 Slide 15 NH 13/ S of Tinghei,27.293806,92.391694,Debris Slide NA,1079 AR/WKG/83A07/2021/018 Arunachal Pradesh West Kameng NH 13 Slide 15 NH 13/ S of Tinghei 27.293806 92.391694 Debris Slide NA
1094,AR/WKG/83A07/2021/019,Arunachal Pradesh,West Kameng NH 13 Slide 16 NH 13/ N of Tinghei,27.300667,92.391833,Debris Slide NA,1094 AR/WKG/83A07/2021/019 Arunachal Pradesh West Kameng NH 13 Slide 16 NH 13/ N of Tinghei 27.300667 92.391833 Debris Slide NA
1110,AR/WKG/83A07/2021/020,Arunachal Pradesh,West Kameng NH 13 Slide 17 NH 13/ N of Dharbu,27.325278,92.373722,Debris Slide NA,1110 AR/WKG/83A07/2021/020 Arunachal Pradesh West Kameng NH 13 Slide 17 NH 13/ N of Dharbu 27.325278 92.373722 Debris Slide NA
1122,AR/WKG/83A07/2021/021,Arunachal Pradesh,West Kameng NH 13 Slide 18 NH 13/ SE of Dirang Village,27.340556,92.274944,Debris Slide NA,1122 AR/WKG/83A07/2021/021 Arunachal Pradesh West Kameng NH 13 Slide 18 NH 13/ SE of Dirang Village 27.340556 92.274944 Debris Slide NA
1124,AP/WK/83E12/2008/A-14,Arunachal Pradesh,West Kameng Slide at 5 km N of Dirang,27.345556,92.266389,Debris Flow 2008,1124 AP/WK/83E12/2008/A-14 Arunachal Pradesh West Kameng Slide at 5 km N of Dirang  27.345556 92.266389 Debris Flow 2008
1131,AR/WKG/83A03/2021/039,Arunachal Pradesh,West Kameng NH 13 Slide 31 NH 13,27.358194,92.24325,Debris Slide NA,1131 AR/WKG/83A03/2021/039 Arunachal Pradesh West Kameng NH 13 Slide 31 NH 13 27.358194 92.24325 Debris Slide NA
1133,AR/WKG/83A03/2021/034,Arunachal Pradesh,West Kameng Dirang- Rungkhung Road Section Slide 1 Dirang- Rungkhung Road Section,27.362028,92.244028,Debris Slide NA,1133 AR/WKG/83A03/2021/034 Arunachal Pradesh West Kameng Dirang- Rungkhung Road Section Slide 1 Dirang- Rungkhung Road Section 27.362028 92.244028 Debris Slide NA
1134,AR/WKG/83A03/2021/035,Arunachal Pradesh,West Kameng Dirang- Rungkhung Road Section Slide 2 Dirang- Rungkhung Road Section,27.362444,92.243972,Debris Slide NA,1134 AR/WKG/83A03/2021/035 Arunachal Pradesh West Kameng Dirang- Rungkhung Road Section Slide 2 Dirang- Rungkhung Road Section 27.362444 92.243972 Debris Slide NA
1135,AR/WKG/83A03/2021/036,Arunachal Pradesh,West Kameng Dirang-Rungkhung Road Section Slide 3 Dirang-Rungkhung Road Section,27.363417,92.24375,Debris Slide NA,1135 AR/WKG/83A03/2021/036 Arunachal Pradesh West Kameng Dirang-Rungkhung Road Section Slide 3 Dirang-Rungkhung Road Section 27.363417 92.24375 Debris Slide NA
1137,AR/WKG/83A03/2021/037,Arunachal Pradesh,West Kameng Dirang Town Baptist Church Slide 1 Dirang-Rungkhung Road Section,27.367611,92.2415,Debris Slide NA,1137 AR/WKG/83A03/2021/037 Arunachal Pradesh West Kameng Dirang Town Baptist Church Slide 1 Dirang-Rungkhung Road Section 27.367611 92.2415 Debris Slide NA
1138,AR/WKG/83A03/2021/038,Arunachal Pradesh,West Kameng Dirang Town Baptist Church Slide 2 Dirang-Rungkhung Road Section,27.368333,92.241583,Debris Slide NA,1138 AR/WKG/83A03/2021/038 Arunachal Pradesh West Kameng Dirang Town Baptist Church Slide 2 Dirang-Rungkhung Road Section 27.368333 92.241583 Debris Slide NA
1140,AR/WKG/83A03/2021/024,Arunachal Pradesh,West Kameng NH 13 Slide 21 NH 13/ W of Milumkang,27.394306,92.157333,Rock Slide NA,1140 AR/WKG/83A03/2021/024 Arunachal Pradesh West Kameng NH 13 Slide 21 NH 13/ W of Milumkang 27.394306 92.157333 Rock Slide NA
1141,AR/WKG/83A03/2021/023,Arunachal Pradesh,West Kameng NH 13 Slide 20 NH 13/ W of Milumkang,27.395444,92.164167,Debris Slide NA,1141 AR/WKG/83A03/2021/023 Arunachal Pradesh West Kameng NH 13 Slide 20 NH 13/ W of Milumkang 27.395444 92.164167 Debris Slide NA
1142,AR/WKG/83A03/2021/022,Arunachal Pradesh,West Kameng NH 13 Slide 19 NH 13/ W of Milumkang,27.396722,92.163861,Rock Slide NA,1142 AR/WKG/83A03/2021/022 Arunachal Pradesh West Kameng NH 13 Slide 19 NH 13/ W of Milumkang 27.396722 92.163861 Rock Slide NA
1143,AR/WKG/83A03/2021/025,Arunachal Pradesh,West Kameng NH 13 Slide 22 NH 13/ NW of Milumkang,27.403722,92.141056,Debris Slide NA,1143 AR/WKG/83A03/2021/025 Arunachal Pradesh West Kameng NH 13 Slide 22 NH 13/ NW of Milumkang 27.403722 92.141056 Debris Slide NA
1144,AR/WKG/83A03/2021/032,Arunachal Pradesh,West Kameng NH 13 Slide 29 NH 13/ S of Nyakmadung,27.405861,92.133778,Debris Slide NA,1144 AR/WKG/83A03/2021/032 Arunachal Pradesh West Kameng NH 13 Slide 29 NH 13/ S of Nyakmadung 27.405861 92.133778 Debris Slide NA
1145,AR/WKG/83A07/2021/033,Arunachal Pradesh,West Kameng NH 13 Slide 30 NH 13/ S of Nyakmadung,27.409778,92.132167,Soil Slide NA,1145 AR/WKG/83A07/2021/033 Arunachal Pradesh West Kameng NH 13 Slide 30 NH 13/ S of Nyakmadung 27.409778 92.132167 Soil Slide NA
1153,AR/WKG/83A03/2021/026,Arunachal Pradesh,West Kameng NH 13 Slide 23 NH 13/ NW of Milumkang,27.433056,92.123583,Soil Slide NA,1153 AR/WKG/83A03/2021/026 Arunachal Pradesh West Kameng NH 13 Slide 23 NH 13/ NW of Milumkang 27.433056 92.123583 Soil Slide NA
1157,AR/WKG/83A03/2021/027,Arunachal Pradesh,West Kameng NH 13 Slide 24 NH 13/ S of Shomtsher,27.441361,92.117417,Debris Slide NA,1157 AR/WKG/83A03/2021/027 Arunachal Pradesh West Kameng NH 13 Slide 24 NH 13/ S of Shomtsher 27.441361 92.117417 Debris Slide NA
1164,AR/WKG/83A03/2021/028,Arunachal Pradesh,West Kameng NH 13 Slide 25 NH 13/ NE of Senge,27.456278,92.109556,Debris Slide NA,1164 AR/WKG/83A03/2021/028 Arunachal Pradesh West Kameng NH 13 Slide 25 NH 13/ NE of Senge 27.456278 92.109556 Debris Slide NA
1167,AP/WK/83E12/2008/A-12,Arunachal Pradesh,West Kameng Slide on Dirang -Tawang road,27.460278,92.110278,Rock Fall 2008,1167 AP/WK/83E12/2008/A-12 Arunachal Pradesh West Kameng Slide on Dirang -Tawang road  27.460278 92.110278 Rock Fall 2008
1177,AR/WKG/83A03/2021/029,Arunachal Pradesh,West Kameng NH 13 Slide 26 NH 13/ N of Ngotengnang,27.483667,92.10925,Rock Slide NA,1177 AR/WKG/83A03/2021/029 Arunachal Pradesh West Kameng NH 13 Slide 26 NH 13/ N of Ngotengnang 27.483667 92.10925 Rock Slide NA
1178,AR/WKG/83A03/2021/030,Arunachal Pradesh,West Kameng NH 13 Slide 27 NH 13/ NW of Kalobtse Mani,27.496333,92.104333,Rock Slide NA,1178 AR/WKG/83A03/2021/030 Arunachal Pradesh West Kameng NH 13 Slide 27 NH 13/ NW of Kalobtse Mani 27.496333 92.104333 Rock Slide NA
1179,AR/WKG/83A03/2021/031,Arunachal Pradesh,West Kameng NH 13 Slide 28 NH 13/ NW of Kalobtse Mani,27.497222,92.104667,Debris Slide NA,1179 AR/WKG/83A03/2021/031 Arunachal Pradesh West Kameng NH 13 Slide 28 NH 13/ NW of Kalobtse Mani 27.497222 92.104667 Debris Slide NA
1180,AP/WK/78M14/2008/A-13,Arunachal Pradesh,West Kameng Slide at 5 km SE from Tawang,27.512278,91.875556,NA Flow 2008,1180 AP/WK/78M14/2008/A-13 Arunachal Pradesh West Kameng Slide at 5 km SE from Tawang  27.512278 91.875556 NA Flow 2008
1218,ARN/TWG/FM/2016-17/01,Arunachal Pradesh,Tawang Famla Slide,27.58741667,91.88694444,Debris Slide 22 April 2016,1218 ARN/TWG/FM/2016-17/01 Arunachal Pradesh Tawang Famla Slide 27.58741667 91.88694444 Debris Slide 22 April 2016
1219,ARN/TWG/FM/2016-17/02,Arunachal Pradesh,Tawang Famla Slide,27.58741667,91.88694444,Earth / soil Slide 22 April 2016,1219 ARN/TWG/FM/2016-17/02 Arunachal Pradesh Tawang Famla Slide 27.58741667 91.88694444 Earth / soil Slide 22 April 2016
1220,ARN/TWG/NYD/2016-17/06,Arunachal Pradesh,Tawang Nyungmadung Slide,27.59152778,91.88044444,Earth / soil Flows 23 April 2016,1220 ARN/TWG/NYD/2016-17/06 Arunachal Pradesh Tawang Nyungmadung Slide 27.59152778 91.88044444 Earth / soil Flows 23 April 2016
1221,ARN/TWG/RBR/2016-17/17,Arunachal Pradesh,Tawang Rabrang Sinking zone,27.58647222,91.89636111,Earth/Soil/Debris Sinking/subside nce NA,1221 ARN/TWG/RBR/2016-17/17 Arunachal Pradesh Tawang Rabrang Sinking zone 27.58647222 91.89636111 Earth/Soil/Debris Sinking/subside nce NA
1222,ARN/TWG/KHT/2016-17/20,Arunachal Pradesh,Tawang Khangteng Slide,27.50994444,91.85486111,Earth Slide 2016,1222 ARN/TWG/KHT/2016-17/20 Arunachal Pradesh Tawang Khangteng Slide 27.50994444 91.85486111 Earth Slide 2016
1223,ARN/TWNG/78M14/2016/0015,Arunachal Pradesh,Tawang Khardung slide 2016,27.561083,91.911528,Debris Slide 2016,1223 ARN/TWNG/78M14/2016/0015 Arunachal Pradesh Tawang Khardung slide 2016 27.561083 91.911528 Debris Slide 2016
1233,AR/WKG/78M14/2021/003,Arunachal Pradesh,Tawang NH 13 Slide 35 NH 13,27.576806,91.993444,Debris Slide NA,1233 AR/WKG/78M14/2021/003 Arunachal Pradesh Tawang NH 13 Slide 35 NH 13 27.576806 91.993444 Debris Slide NA
1234,ARN/TWNG/78M14/2016/0018,Arunachal Pradesh,Tawang Dumgin Road sinking,27.579,91.868639,NA Subsidence 2016,1234 ARN/TWNG/78M14/2016/0018 Arunachal Pradesh Tawang Dumgin Road sinking  27.579 91.868639 NA Subsidence 2016
1235,AR/TAW/78M14/2014/22,Arunachal Pradesh,Tawang  NH-13,27.58006,91.97728,Rock cum Debris Slide 2013,1235 AR/TAW/78M14/2014/22 Arunachal Pradesh Tawang  NH-13 27.58006 91.97728 Rock cum Debris Slide 2013
1236,AR/WKG/78M14/2021/002,Arunachal Pradesh,Tawang Four Bridge Camp Slide NH 13,27.583611,91.973056,Debris Slide NA Sl.No. Slide_No State District Slide_Name NH_SH_Location Latitude Longitude Material Involved Movement Type History,1236 AR/WKG/78M14/2021/002 Arunachal Pradesh Tawang Four Bridge Camp Slide NH 13 27.583611 91.973056 Debris Slide NA Sl.No. Slide_No State District Slide_Name NH_SH_Location Latitude Longitude Material Involved Movement Type History
1237,AP/TAW/78M14-SE/2009-10/AR-,Arunachal Pradesh,Tawang Tawang Monastery/Arunachal Pradesh,27.584639,91.860917,Rock cum Debris  NA,1237 AP/TAW/78M14-SE/2009-10/AR- 1B Arunachal Pradesh Tawang Tawang Monastery/Arunachal Pradesh 27.584639 91.860917 Rock cum Debris  NA
1238,AP/TAW/78M14-SE/2009-10/AR-,Arunachal Pradesh,Tawang Tawang Monastery/Arunachal Pradesh,27.584639,91.860917,Rock cum Debris  NA,1238 AP/TAW/78M14-SE/2009-10/AR- 1C Arunachal Pradesh Tawang Tawang Monastery/Arunachal Pradesh 27.584639 91.860917 Rock cum Debris  NA
1239,AP/TAW/78M14-SE/2009-10/AR-,Arunachal Pradesh,Tawang Tawang Monastery/Arunachal Pradesh,27.584639,91.860917,Rock cum Debris  NA,1239 AP/TAW/78M14-SE/2009-10/AR- 1A Arunachal Pradesh Tawang Tawang Monastery/Arunachal Pradesh 27.584639 91.860917 Rock cum Debris  NA
1240,ARN/TWNG/787M14/2016/002,Arunachal Pradesh,Tawang Khremithang slide,27.586694,91.871444,NA Slide 2016,1240 ARN/TWNG/787M14/2016/002 1 Arunachal Pradesh Tawang Khremithang slide 27.586694 91.871444 NA Slide 2016
1241,ARN/TWNG/78M14/2016/0001,Arunachal Pradesh,Tawang Famla Slide,27.587417,91.886944,Debris Slide 22 April 2016,1241 ARN/TWNG/78M14/2016/0001 Arunachal Pradesh Tawang Famla Slide  27.587417 91.886944 Debris Slide 22 April 2016
1242,ARN/TWNG/78M14/2016/0002,Arunachal Pradesh,Tawang Famla Slide,27.587417,91.886944,NA Slide 22 April 2016,1242 ARN/TWNG/78M14/2016/0002 Arunachal Pradesh Tawang Famla Slide  27.587417 91.886944 NA Slide 22 April 2016
1243,ARN/TWNG/78M14/2016/0016,Arunachal Pradesh,Tawang Bomdir Supply Slide (Army),27.587611,91.894167,Debris Slide 2016,1243 ARN/TWNG/78M14/2016/0016 Arunachal Pradesh Tawang Bomdir Supply Slide (Army)  27.587611 91.894167 Debris Slide 2016
1244,ARN/TWG/78M14/2016/0028,Arunachal Pradesh,Tawang Govt. Girl Hr. Sec. School Slide Locality,27.589,91.873194,Earth Slide 2016,1244 ARN/TWG/78M14/2016/0028 Arunachal Pradesh Tawang Govt. Girl Hr. Sec. School Slide Locality 27.589 91.873194 Earth Slide 2016
1245,ARN/TWNG/78M14/2016/0019,Arunachal Pradesh,Tawang Thongleng Slide,27.58925,91.795667,Rock cum Debris Slide 2016,1245 ARN/TWNG/78M14/2016/0019 Arunachal Pradesh Tawang Thongleng Slide  27.58925 91.795667 Rock cum Debris Slide 2016
1246,ARN/TWNG/78M14/2016/0022,Arunachal Pradesh,Tawang New Lebrang slide,27.589417,91.861444,NA Slide 23 April 2016,1246 ARN/TWNG/78M14/2016/0022 Arunachal Pradesh Tawang New Lebrang slide  27.589417 91.861444 NA Slide 23 April 2016
1247,ARN/TWNG/78M14/2016/0007,Arunachal Pradesh,"Tawang Nyungmadung Slide near 4, 55 Bn. ITBP camp",27.589889,91.881194,NA Slide 2016,"1247 ARN/TWNG/78M14/2016/0007 Arunachal Pradesh Tawang Nyungmadung Slide near 4, 55 Bn. ITBP camp 27.589889 91.881194 NA Slide 2016"
1248,ARN/TWG/78M14/2016/0029,Arunachal Pradesh,Tawang New Market Sinking zone Locality,27.590556,91.867667,Debris Subsidence 2016,1248 ARN/TWG/78M14/2016/0029 Arunachal Pradesh Tawang New Market Sinking zone Locality 27.590556 91.867667 Debris Subsidence 2016
1249,ARN/TWG/78M14/2016/0030,Arunachal Pradesh,Tawang WRD Slide (North) Locality,27.590639,91.876806,Earth Slide 2016,1249 ARN/TWG/78M14/2016/0030 Arunachal Pradesh Tawang WRD Slide (North) Locality 27.590639 91.876806 Earth Slide 2016
1250,ARN/TWG/78M14/2016/0031,Arunachal Pradesh,Tawang WRD Slide (South) Locality,27.590639,91.876806,Debris Slide 2016,1250 ARN/TWG/78M14/2016/0031 Arunachal Pradesh Tawang WRD Slide (South) Locality 27.590639 91.876806 Debris Slide 2016
1251,ARN/TWNG/78M14/2016/0004,Arunachal Pradesh,Tawang Namet Slide,27.591389,91.9025,Rock cum Debris Slide 23 April 2016,1251 ARN/TWNG/78M14/2016/0004 Arunachal Pradesh Tawang Namet Slide  27.591389 91.9025 Rock cum Debris Slide 23 April 2016
1252,AR/WKG/78M14/2021/001,Arunachal Pradesh,Tawang NH 13 Slide 34 NH 13/ S of Jangda,27.591417,91.973083,Soil Slide NA,1252 AR/WKG/78M14/2021/001 Arunachal Pradesh Tawang NH 13 Slide 34 NH 13/ S of Jangda 27.591417 91.973083 Soil Slide NA
1253,ARN/TWNG/78M14/2016/0006,Arunachal Pradesh,Tawang Nyungmadung Slide,27.591528,91.880444,NA Flow 2016,1253 ARN/TWNG/78M14/2016/0006 Arunachal Pradesh Tawang Nyungmadung Slide  27.591528 91.880444 NA Flow 2016
1254,ARN/TWNG/78M14/2016/0008,Arunachal Pradesh,Tawang All India Radio Colony Slide,27.591806,91.865028,NA Fall 22 April 2016,1254 ARN/TWNG/78M14/2016/0008 Arunachal Pradesh Tawang All India Radio Colony Slide  27.591806 91.865028 NA Fall 22 April 2016
1255,ARN/TWNG/78M14/2016/0009,Arunachal Pradesh,Tawang Rubrang Slide,27.591833,91.865056,Debris Flow 2016,1255 ARN/TWNG/78M14/2016/0009 Arunachal Pradesh Tawang Rubrang Slide  27.591833 91.865056 Debris Flow 2016
1256,ARN/TWNG/78M14/2016/0011,Arunachal Pradesh,Tawang Topon Colony slide,27.592639,91.867528,NA Slide 2016,1256 ARN/TWNG/78M14/2016/0011 Arunachal Pradesh Tawang Topon Colony slide  27.592639 91.867528 NA Slide 2016
1257,ARN/TWNG/78M14/2016/0012,Arunachal Pradesh,Tawang Rubray (Shyo) Slide,27.592667,91.866222,Debris Flow 2016,1257 ARN/TWNG/78M14/2016/0012 Arunachal Pradesh Tawang Rubray (Shyo) Slide  27.592667 91.866222 Debris Flow 2016
1258,ARN/TWNG/78M14/2016/0010,Arunachal Pradesh,Tawang D.C. & S. P. Bungalows Slide,27.593139,91.873889,NA Slide 22 April 2016,1258 ARN/TWNG/78M14/2016/0010 Arunachal Pradesh Tawang D.C. & S. P. Bungalows Slide  27.593139 91.873889 NA Slide 22 April 2016
1259,ARN/TWNG/78M14/2016/0023,Arunachal Pradesh,Tawang Changpu sinking zone,27.593361,91.879444,NA Subsidence 23 April 2016,1259 ARN/TWNG/78M14/2016/0023 Arunachal Pradesh Tawang Changpu sinking zone  27.593361 91.879444 NA Subsidence 23 April 2016
1260,ARN/TWNG/78M14/2016/0013,Arunachal Pradesh,Tawang Duda Slide (District Urban Development Authority Colony),27.594833,91.866417,Debris Slide 22 April 2016,1260 ARN/TWNG/78M14/2016/0013 Arunachal Pradesh Tawang Duda Slide (District Urban Development Authority Colony) 27.594833 91.866417 Debris Slide 22 April 2016
1261,ARN/TWNG/78M14/2016/0014,Arunachal Pradesh,Tawang MG Road slide,27.594861,91.866444,NA Fall 2016,1261 ARN/TWNG/78M14/2016/0014 Arunachal Pradesh Tawang MG Road slide  27.594861 91.866444 NA Fall 2016
1262,ARN/TWNG/78M14/2016/0003,Arunachal Pradesh,Tawang Shyinteng slide,27.595167,91.895444,Debris Slide 2016,1262 ARN/TWNG/78M14/2016/0003 Arunachal Pradesh Tawang Shyinteng slide  27.595167 91.895444 Debris Slide 2016
1263,ARN/TWNG/78M14/2016/0005,Arunachal Pradesh,Tawang Khinmai Monastery slide,27.596278,91.894333,Debris Slide 2016 Sl.No. Slide_No State District Slide_Name NH_SH_Location Latitude Longitude Material Involved Movement Type History,1263 ARN/TWNG/78M14/2016/0005 Arunachal Pradesh Tawang Khinmai Monastery slide  27.596278 91.894333 Debris Slide 2016 Sl.No. Slide_No State District Slide_Name NH_SH_Location Latitude Longitude Material Involved Movement Type History
1264,ARN/TWNG/78M14/2016/0024,Arunachal Pradesh,Tawang SSB Colony slide,27.596639,91.878972,Debris Slide 23 April 2016,1264 ARN/TWNG/78M14/2016/0024 Arunachal Pradesh Tawang SSB Colony slide  27.596639 91.878972 Debris Slide 23 April 2016
1265,ARN/TWNG/78M14/2016/0025,Arunachal Pradesh,Tawang Q.M. Store slide,27.596639,91.878972,Debris Slide 23 April 2016,1265 ARN/TWNG/78M14/2016/0025 Arunachal Pradesh Tawang Q.M. Store slide  27.596639 91.878972 Debris Slide 23 April 2016
1266,ARN/TWG/78M14/2016/0026,Arunachal Pradesh,Tawang SSB Workshop (South) Locality,27.599,91.876528,Debris Slide 2016,1266 ARN/TWG/78M14/2016/0026 Arunachal Pradesh Tawang SSB Workshop (South) Locality 27.599 91.876528 Debris Slide 2016
1267,ARN/TWG/78M14/2016/0027,Arunachal Pradesh,Tawang SSB Workshop (North) Locality,27.599806,91.876111,Debris Slide 2016,1267 ARN/TWG/78M14/2016/0027 Arunachal Pradesh Tawang SSB Workshop (North) Locality 27.599806 91.876111 Debris Slide 2016
1433,AP/AW/91D8/2022/103,Arunachal Pradesh,Anjaw From Khupa/ KVK Anjaw 16.6 kms along NH-13 towards Tezu NH-13 (Anjaw-Tezu road),28.022471,96.440489,Debris Slide NA,1433 AP/AW/91D8/2022/103 Arunachal Pradesh Anjaw From Khupa/ KVK Anjaw 16.6 kms along NH-13 towards Tezu NH-13 (Anjaw-Tezu road) 28.022471 96.440489 Debris Slide NA
1435,AP/AW/91D8/2022/104,Arunachal Pradesh,Anjaw From Khupa/ KVK Anjaw 16.4 kms along NH-13 towards Tezu NH-13 (Anjaw-Tezu road),28.023491,96.440972,Debris Slide NA,1435 AP/AW/91D8/2022/104 Arunachal Pradesh Anjaw From Khupa/ KVK Anjaw 16.4 kms along NH-13 towards Tezu NH-13 (Anjaw-Tezu road) 28.023491 96.440972 Debris Slide NA
1438,,Arunachal Pradesh,"East Siang LS-46 NH-13, Komlighat-Pasighat",28.025611,95.271179,Debris Slide NA,"1438 AP/E-Siang/82P8/2022/LS46 Arunachal Pradesh East Siang LS-46 NH-13, Komlighat-Pasighat 28.025611 95.271179 Debris Slide NA"
1468,,Arunachal Pradesh,"East Siang LS-1, North west of Pasighat Lenging Village (NH-13)",28.093514,95.272526,Earth Slide NA,"1468 AP/E-Siang/82P8/2021/LS1 Arunachal Pradesh East Siang LS-1, North west of Pasighat Lenging Village (NH-13) 28.093514 95.272526 Earth Slide NA"
1469,,Arunachal Pradesh,"East Siang Rengging Slide NH-13, Rengging Slide",28.094144,95.282568,Earth Slide NA,"1469 AP/E-Siang/82P8/2022/LS47 Arunachal Pradesh East Siang Rengging Slide NH-13, Rengging Slide 28.094144 95.282568 Earth Slide NA"
1472,,Arunachal Pradesh,"East Siang Rengging Slide NH-13, towards Rengging village",28.095632,95.281371,Earth Slide NA,"1472 AP/E-Siang/82P8/2022/LS48 Arunachal Pradesh East Siang Rengging Slide NH-13, towards Rengging village 28.095632 95.281371 Earth Slide NA"
1473,,Arunachal Pradesh,East Siang Legging Slide Towards Legging Village (NH-13),28.097043,95.274751,Debris Slide NA,1473 AP/E-Siang/82P8/2021/LS2 Arunachal Pradesh East Siang Legging Slide Towards Legging Village (NH-13) 28.097043 95.274751 Debris Slide NA
1475,,Arunachal Pradesh,"East Siang Rengging Slide NH-13, Rengging Slide",28.097285,95.28003,Debris Slide NA,"1475 AP/E-Siang/82P8/2022/LS49 Arunachal Pradesh East Siang Rengging Slide NH-13, Rengging Slide 28.097285 95.28003 Debris Slide NA"
1477,,Arunachal Pradesh,East Siang LS-6 NH-13,28.099647,95.28567,Debris Slide NA,1477 AP/E-Siang/82P8/2021/LS6 Arunachal Pradesh East Siang LS-6 NH-13 28.099647 95.28567 Debris Slide NA
1479,,Arunachal Pradesh,East Siang LS-7 NH-13,28.099705,95.284891,Debris Slide NA,1479 AP/E-Siang/82P8/2021/LS7 Arunachal Pradesh East Siang LS-7 NH-13 28.099705 95.284891 Debris Slide NA
1480,,Arunachal Pradesh,"East Siang LS-8 Rengging, NH-13",28.099858,95.282975,Debris Slide NA,"1480 AP/E-Siang/82P8/2021/LS8 Arunachal Pradesh East Siang LS-8 Rengging, NH-13 28.099858 95.282975 Debris Slide NA"
1484,,Arunachal Pradesh,"East Siang  Rengging Slide, LS-9 NH-13",28.101031,95.282364,Debris Slide NA,"1484 AP/E-Siang/82P8/2021/LS9 Arunachal Pradesh East Siang  Rengging Slide, LS-9 NH-13 28.101031 95.282364 Debris Slide NA"
1485,,Arunachal Pradesh,"East Siang  Rengging Slide,  LS-10 NH-13",28.101692,95.271861,Debris Slide NA,"1485 AP/E-Siang/82P8/2021/LS10 Arunachal Pradesh East Siang  Rengging Slide,  LS-10 NH-13 28.101692 95.271861 Debris Slide NA"
1498,,Arunachal Pradesh,"East Siang Rengging Slide NH-13, Rengging Slide",28.114742,95.273582,Debris Slide NA,"1498 AP/E-Siang/82P8/2022/LS50 Arunachal Pradesh East Siang Rengging Slide NH-13, Rengging Slide 28.114742 95.273582 Debris Slide NA"
1502,AR/S/82P04/2022/006,Arunachal Pradesh,East Siang NH-13 Slide 6 NH-13,28.131694,95.136186,Debris slide NA,1502 AR/S/82P04/2022/006 Arunachal Pradesh East Siang NH-13 Slide 6 NH-13 28.131694 95.136186 Debris slide NA
1503,AR/US/82P04/2022/026,Arunachal Pradesh,West Siang Northwest of Rotung Slide 1 NH-13,28.133611,95.11125,Debris Slide NA,1503 AR/US/82P04/2022/026 Arunachal Pradesh West Siang Northwest of Rotung Slide 1 NH-13 28.133611 95.11125 Debris Slide NA
1504,AR/S/82P04/2022/028,Arunachal Pradesh,Siang Pangin Slide 1 NH-13,28.133611,95.11125,Debris Slide NA,1504 AR/S/82P04/2022/028 Arunachal Pradesh Siang Pangin Slide 1 NH-13 28.133611 95.11125 Debris Slide NA
1505,AR/WS/82L16/2022/090,Arunachal Pradesh,West Siang Pakam Slide NH-13,28.133778,94.788,Soil Slide NA,1505 AR/WS/82L16/2022/090 Arunachal Pradesh West Siang Pakam Slide NH-13 28.133778 94.788 Soil Slide NA
1508,AR/S/82P04/2022/005,Arunachal Pradesh,East Siang NH-13 Slide 5 NH-13,28.135056,95.145444,Soil slide NA,1508 AR/S/82P04/2022/005 Arunachal Pradesh East Siang NH-13 Slide 5 NH-13 28.135056 95.145444 Soil slide NA
1514,AR/US/82P04/2022/089,Arunachal Pradesh,West Siang N of Pakam Slide 1 NH-13,28.141139,94.786583,Soil Slide NA,1514 AR/US/82P04/2022/089 Arunachal Pradesh West Siang N of Pakam Slide 1 NH-13 28.141139 94.786583 Soil Slide NA
1516,,Arunachal Pradesh,"East Siang Rengging Slide NH-13, Towards Rengging",28.141514,95.289198,Debris Slide NA,"1516 AP/E-Siang/82P8/2022/LS51 Arunachal Pradesh East Siang Rengging Slide NH-13, Towards Rengging 28.141514 95.289198 Debris Slide NA"
1517,,Arunachal Pradesh,"East Siang Rengging Slide NH-13, Rengging Slide",28.142304,95.288126,Debris Slide NA,"1517 AP/E-Siang/82P8/2022/LS52 Arunachal Pradesh East Siang Rengging Slide NH-13, Rengging Slide 28.142304 95.288126 Debris Slide NA"
1518,AR/ES/82P04/2022/001,Arunachal Pradesh,East Siang NH-13 Slide 1 NH-13,28.1425,95.239194,Debris Slide NA Sl.No. Slide_No State District Slide_Name NH_SH_Location Latitude Longitude Material Involved Movement Type History,1518 AR/ES/82P04/2022/001 Arunachal Pradesh East Siang NH-13 Slide 1 NH-13 28.1425 95.239194 Debris Slide NA Sl.No. Slide_No State District Slide_Name NH_SH_Location Latitude Longitude Material Involved Movement Type History
1520,,Arunachal Pradesh,"East Siang LS-53, Mebo river slide NH-13",28.142551,95.287886,Debris Slide NA,"1520 AP/E-Siang/82P8/2022/LS53 Arunachal Pradesh East Siang LS-53, Mebo river slide NH-13 28.142551 95.287886 Debris Slide NA"
1521,,Arunachal Pradesh,East Siang LS-54 NH-13,28.143839,95.285971,Debris Slide NA,1521 AP/E-Siang/82P8/2022/LS54 Arunachal Pradesh East Siang LS-54 NH-13 28.143839 95.285971 Debris Slide NA
1522,AR/ES/82P04/2022/002,Arunachal Pradesh,East Siang NH-13 Slide 2 NH-13,28.145306,95.239167,Rock Slide NA,1522 AR/ES/82P04/2022/002 Arunachal Pradesh East Siang NH-13 Slide 2 NH-13 28.145306 95.239167 Rock Slide NA
1524,,Arunachal Pradesh,East Siang LS-22 NH-13,28.145629,95.275805,Debris Slide NA,1524 AP/E-Siang/82P8/2021/LS22 Arunachal Pradesh East Siang LS-22 NH-13 28.145629 95.275805 Debris Slide NA
1525,,Arunachal Pradesh,East Siang LS-23 NH-13,28.145847,95.273686,Rock Wedge failure NA,1525 AP/E-Siang/82P8/2021/LS23 Arunachal Pradesh East Siang LS-23 NH-13 28.145847 95.273686 Rock Wedge failure NA
1526,AR/ES/82P04/2022/003,Arunachal Pradesh,East Siang NH-13 Slide 3 NH-13,28.147806,95.224833,Debris Slide NA,1526 AR/ES/82P04/2022/003 Arunachal Pradesh East Siang NH-13 Slide 3 NH-13 28.147806 95.224833 Debris Slide NA
1527,,Arunachal Pradesh,East Siang LS-55 NH-13,28.14787,95.279987,Debris Slide NA,1527 AP/E-Siang/82P8/2022/LS55 Arunachal Pradesh East Siang LS-55 NH-13 28.14787 95.279987 Debris Slide NA
1528,AP/LDV/82P11/2022/LS56,Arunachal Pradesh,"East Siang Dambuk Slide NH-13, Dambuk area",28.148417,95.277964,Debris Slide NA,"1528 AP/LDV/82P11/2022/LS56 Arunachal Pradesh East Siang Dambuk Slide NH-13, Dambuk area 28.148417 95.277964 Debris Slide NA"
1529,AP/LDV/82P11/2022/LS57,Arunachal Pradesh,East Siang Dambuk Slide NH-13 Dambuk,28.149568,95.277177,Debris Slide NA,1529 AP/LDV/82P11/2022/LS57 Arunachal Pradesh East Siang Dambuk Slide NH-13 Dambuk 28.149568 95.277177 Debris Slide NA
1530,AP/LDV/82P11/2022/LS58,Arunachal Pradesh,"East Siang Dambuk Slide NH-13, Dambuk",28.150741,95.275122,Debris Slide NA,"1530 AP/LDV/82P11/2022/LS58 Arunachal Pradesh East Siang Dambuk Slide NH-13, Dambuk 28.150741 95.275122 Debris Slide NA"
1532,AR/S/82P04/2022/007,Arunachal Pradesh,East Siang NH-13 Slide 7 NH-13,28.153028,95.218294,Debris slide NA,1532 AR/S/82P04/2022/007 Arunachal Pradesh East Siang NH-13 Slide 7 NH-13 28.153028 95.218294 Debris slide NA
1533,AR/ES/82P04/2022/004,Arunachal Pradesh,East Siang NH-13 Slide 4 NH-13,28.154111,95.181694,Rock Slide NA,1533 AR/ES/82P04/2022/004 Arunachal Pradesh East Siang NH-13 Slide 4 NH-13 28.154111 95.181694 Rock Slide NA
1534,AP/LDV/82P11/2022/LS59,Arunachal Pradesh,East Siang LS-59 NH-13,28.160664,95.446755,Debris Slide NA,1534 AP/LDV/82P11/2022/LS59 Arunachal Pradesh East Siang LS-59 NH-13 28.160664 95.446755 Debris Slide NA
1535,AP/LDV/82P11/2022/LS60,Arunachal Pradesh,"East Siang LS-60 NH-13, Kapang Valley, near 602 mile stone",28.160853,95.446925,Debris Slide NA,"1535 AP/LDV/82P11/2022/LS60 Arunachal Pradesh East Siang LS-60 NH-13, Kapang Valley, near 602 mile stone 28.160853 95.446925 Debris Slide NA"
1537,AP/LDV/82P11/2022/LS61,Arunachal Pradesh,"East Siang Roing-Dambuk Slide NH-13, Towards Roing- Dambuk",28.162497,95.441244,Debris Slide NA,"1537 AP/LDV/82P11/2022/LS61 Arunachal Pradesh East Siang Roing-Dambuk Slide NH-13, Towards Roing- Dambuk 28.162497 95.441244 Debris Slide NA"
1538,AP/LDV/82P11/2022/LS62,Arunachal Pradesh,East Siang LS-62 NH-13,28.16317,95.450433,Debris Slide NA,1538 AP/LDV/82P11/2022/LS62 Arunachal Pradesh East Siang LS-62 NH-13 28.16317 95.450433 Debris Slide NA
1539,AP/LDV/82P11/2022/LS63,Arunachal Pradesh,"East Siang LS-63 NH-13, Aohali",28.163322,95.459813,Debris Slide NA,"1539 AP/LDV/82P11/2022/LS63 Arunachal Pradesh East Siang LS-63 NH-13, Aohali 28.163322 95.459813 Debris Slide NA"
1540,AP/LDV/82P11/2022/LS64,Arunachal Pradesh,East Siang LS-64 NH-13,28.163691,95.458,Debris Slide NA,1540 AP/LDV/82P11/2022/LS64 Arunachal Pradesh East Siang LS-64 NH-13 28.163691 95.458 Debris Slide NA
1541,AR/WS/82L16/2022/088,Arunachal Pradesh,West Siang Aalo Slide 1 NH-13,28.16425,94.792417,Debris Slide NA,1541 AR/WS/82L16/2022/088 Arunachal Pradesh West Siang Aalo Slide 1 NH-13 28.16425 94.792417 Debris Slide NA
1542,AP/LDV/82P11/2022/LS66,Arunachal Pradesh,"East Siang LS-66 NH-13, Mebo- 50km mile stone",28.165684,95.462909,Debris Slide NA,"1542 AP/LDV/82P11/2022/LS66 Arunachal Pradesh East Siang LS-66 NH-13, Mebo- 50km mile stone 28.165684 95.462909 Debris Slide NA"
1543,AP/LDV/82P11/2022/LS65,Arunachal Pradesh,East Siang LS-65 NH-13,28.165711,95.46208,Debris Slide NA,1543 AP/LDV/82P11/2022/LS65 Arunachal Pradesh East Siang LS-65 NH-13 28.165711 95.46208 Debris Slide NA
1544,AP/LDV/82P11/2022/LS67,Arunachal Pradesh,East Siang LS-67 NH-13,28.167982,95.431764,Debris Slide NA,1544 AP/LDV/82P11/2022/LS67 Arunachal Pradesh East Siang LS-67 NH-13 28.167982 95.431764 Debris Slide NA
1545,AR/ES/82P04/2022/009,Arunachal Pradesh,East Siang Pasighat-Yingkiong road Slide 2 NH-13 (Pasighat-Yingkiong road),28.169389,95.235722,Debris slide NA,1545 AR/ES/82P04/2022/009 Arunachal Pradesh East Siang Pasighat-Yingkiong road Slide 2 NH-13 (Pasighat-Yingkiong road) 28.169389 95.235722 Debris slide NA
1548,AR/ES/82P04/2022/008,Arunachal Pradesh,East Siang Pasighat-Yingkiong road Slide 1 NH-13 (Pasighat-Yingkiong road),28.169611,95.240639,Debris slide NA,1548 AR/ES/82P04/2022/008 Arunachal Pradesh East Siang Pasighat-Yingkiong road Slide 1 NH-13 (Pasighat-Yingkiong road) 28.169611 95.240639 Debris slide NA
1551,AR/US/82P04/2022/027,Arunachal Pradesh,West Siang Northwest of Yembung camp Slide NH-13,28.174806,95.025111,Debris Slide NA,1551 AR/US/82P04/2022/027 Arunachal Pradesh West Siang Northwest of Yembung camp Slide NH-13 28.174806 95.025111 Debris Slide NA
1552,AR/S/82P04/2022/029,Arunachal Pradesh,Siang South of Jeru Slide 1 NH-13,28.174806,95.025111,Debris slide NA,1552 AR/S/82P04/2022/029 Arunachal Pradesh Siang South of Jeru Slide 1 NH-13 28.174806 95.025111 Debris slide NA
1560,AP/LDV/82P11/2022/LS68,Arunachal Pradesh,East Siang LS-68 NH-13,28.181365,95.470102,Rock Wedge failure NA,1560 AP/LDV/82P11/2022/LS68 Arunachal Pradesh East Siang LS-68 NH-13 28.181365 95.470102 Rock Wedge failure NA
1561,AP/LDV/82P11/2022/LS69,Arunachal Pradesh,"East Siang LS-69 NH-13, near bridge",28.181834,95.469828,Debris Slide NA,"1561 AP/LDV/82P11/2022/LS69 Arunachal Pradesh East Siang LS-69 NH-13, near bridge 28.181834 95.469828 Debris Slide NA"
1564,AP/LDV/82P11/2022/LS70,Arunachal Pradesh,East Siang LS-70 NH-13,28.186582,95.471126,Rock Wedge failure NA,1564 AP/LDV/82P11/2022/LS70 Arunachal Pradesh East Siang LS-70 NH-13 28.186582 95.471126 Rock Wedge failure NA
1565,AR/US/82P04/2022/015,Arunachal Pradesh,Upper Siang Pasighat-Yingkiong road Slide 6 NH-13 (Pasighat-Yingkiong road),28.1915,95.225917,Debris Slide NA,1565 AR/US/82P04/2022/015 Arunachal Pradesh Upper Siang Pasighat-Yingkiong road Slide 6 NH-13 (Pasighat-Yingkiong road) 28.1915 95.225917 Debris Slide NA
1567,AR/S/82P04/2022/030,Arunachal Pradesh,Siang South of Jeru Slide 2 NH-13,28.192444,94.984917,Debris Slide NA,1567 AR/S/82P04/2022/030 Arunachal Pradesh Siang South of Jeru Slide 2 NH-13 28.192444 94.984917 Debris Slide NA
1577,AR/WS/82L16/2022/078,Arunachal Pradesh,West Siang Jomlo-Mongku Slide 1 NH-13,28.202667,94.828417,Debris Slide NA,1577 AR/WS/82L16/2022/078 Arunachal Pradesh West Siang Jomlo-Mongku Slide 1 NH-13 28.202667 94.828417 Debris Slide NA
1583,AR/WS/82L16/2022/079,Arunachal Pradesh,West Siang Jomlo-Mongku Slide 2 NH-13,28.208389,94.830667,Debris Slide NA,1583 AR/WS/82L16/2022/079 Arunachal Pradesh West Siang Jomlo-Mongku Slide 2 NH-13 28.208389 94.830667 Debris Slide NA
1608,AR/WS/82L16/2022/081,Arunachal Pradesh,West Siang Damda-Debuk Slide 1 NH-13,28.225583,94.889167,Debris Slide NA,1608 AR/WS/82L16/2022/081 Arunachal Pradesh West Siang Damda-Debuk Slide 1 NH-13 28.225583 94.889167 Debris Slide NA
1609,AR/WS/82L16/2022/082,Arunachal Pradesh,West Siang Damda-Debuk Slide 2 NH-13,28.226722,94.895611,Soil Slide NA,1609 AR/WS/82L16/2022/082 Arunachal Pradesh West Siang Damda-Debuk Slide 2 NH-13 28.226722 94.895611 Soil Slide NA
1610,AR/S/82P04/2022/031,Arunachal Pradesh,Siang South of Jeru Slide 3 NH-13,28.22675,94.225111,Debris slide NA,1610 AR/S/82P04/2022/031 Arunachal Pradesh Siang South of Jeru Slide 3 NH-13 28.22675 94.225111 Debris slide NA
1612,AP/ES/82P12/2022/76,Arunachal Pradesh,East Siang From Bomjir 17.6 kms along NH-13 towards Pasighat NH-313 (Roing-Pasighat road),28.227891,95.541082,Debris Slide NA,1612 AP/ES/82P12/2022/76 Arunachal Pradesh East Siang From Bomjir 17.6 kms along NH-13 towards Pasighat NH-313 (Roing-Pasighat road) 28.227891 95.541082 Debris Slide NA
1614,AR/WS/82L16/2022/083,Arunachal Pradesh,West Siang Damda-Debuk Slide 3 NH-13,28.228528,94.904278,Soil Slide NA,1614 AR/WS/82L16/2022/083 Arunachal Pradesh West Siang Damda-Debuk Slide 3 NH-13 28.228528 94.904278 Soil Slide NA
1618,AR/WS/82L16/2022/084,Arunachal Pradesh,West Siang Damda-Debuk Slide 4 NH-13,28.232472,94.914889,Soil Slide NA,1618 AR/WS/82L16/2022/084 Arunachal Pradesh West Siang Damda-Debuk Slide 4 NH-13 28.232472 94.914889 Soil Slide NA
1620,AR/WS/82L16/2022/087,Arunachal Pradesh,West Siang Koreng-Aalo road Slide 3 NH-13,28.234833,94.972278,Rock Slide NA,1620 AR/WS/82L16/2022/087 Arunachal Pradesh West Siang Koreng-Aalo road Slide 3 NH-13 28.234833 94.972278 Rock Slide NA
1621,AR/WS/82L16/2022/085,Arunachal Pradesh,West Siang Koreng-Aalo road Slide 1 NH-13,28.235361,94.933333,Soil Slide NA,1621 AR/WS/82L16/2022/085 Arunachal Pradesh West Siang Koreng-Aalo road Slide 1 NH-13 28.235361 94.933333 Soil Slide NA
1623,AR/WS/82L16/2022/086,Arunachal Pradesh,West Siang Koreng-Aalo road Slide 2 NH-13,28.237361,94.954808,Debris Slide NA Sl.No. Slide_No State District Slide_Name NH_SH_Location Latitude Longitude Material Involved Movement Type History,1623 AR/WS/82L16/2022/086 Arunachal Pradesh West Siang Koreng-Aalo road Slide 2 NH-13 28.237361 94.954808 Debris Slide NA Sl.No. Slide_No State District Slide_Name NH_SH_Location Latitude Longitude Material Involved Movement Type History
1625,AP/ES/82P12/2022/79,Arunachal Pradesh,East Siang From Bomjir 16 kms along NH-13 towards Pasighat NH-313 (Roing-Pasighat road),28.237716,95.535611,Debris Slide NA,1625 AP/ES/82P12/2022/79 Arunachal Pradesh East Siang From Bomjir 16 kms along NH-13 towards Pasighat NH-313 (Roing-Pasighat road) 28.237716 95.535611 Debris Slide NA
1637,AP/ES/82P12/2022/80,Arunachal Pradesh,East Siang From Bomjir 15.5 kms along NH-13 towards Pasighat NH-313 (Roing-Pasighat road),28.242444,95.536828,Rock Fall NA,1637 AP/ES/82P12/2022/80 Arunachal Pradesh East Siang From Bomjir 15.5 kms along NH-13 towards Pasighat NH-313 (Roing-Pasighat road) 28.242444 95.536828 Rock Fall NA
1639,AP/ES/82P12/2022/81,Arunachal Pradesh,East Siang From Bomjir 15.3 kms along NH-13 towards Pasighat NH-313 (Roing-Pasighat road),28.242969,95.537549,Rock Slide NA,1639 AP/ES/82P12/2022/81 Arunachal Pradesh East Siang From Bomjir 15.3 kms along NH-13 towards Pasighat NH-313 (Roing-Pasighat road) 28.242969 95.537549 Rock Slide NA
1643,AP/ES/82P12/2022/82,Arunachal Pradesh,East Siang From Bomjir 15.1 kms along NH-13 towards Pasighat NH-313 (Roing-Pasighat road),28.243417,95.538216,Debris Slide NA,1643 AP/ES/82P12/2022/82 Arunachal Pradesh East Siang From Bomjir 15.1 kms along NH-13 towards Pasighat NH-313 (Roing-Pasighat road) 28.243417 95.538216 Debris Slide NA
1651,AP/LDV/82P16/2022/77,Arunachal Pradesh,Lower Dibang Valley From Bomjir 14.3 kms along NH-13 towards Pasighat NH-313 (Roing-Pasighat road),28.246512,95.541646,Rock Slide NA,1651 AP/LDV/82P16/2022/77 Arunachal Pradesh Lower Dibang Valley From Bomjir 14.3 kms along NH-13 towards Pasighat NH-313 (Roing-Pasighat road) 28.246512 95.541646 Rock Slide NA
1652,AP/LDV/82P16/2022/78,Arunachal Pradesh,Lower Dibang Valley From Bomjir 13.6 kms along NH-13 towards Pasighat NH-313 (Roing-Pasighat road),28.249718,95.546273,Debris Slide NA,1652 AP/LDV/82P16/2022/78 Arunachal Pradesh Lower Dibang Valley From Bomjir 13.6 kms along NH-13 towards Pasighat NH-313 (Roing-Pasighat road) 28.249718 95.546273 Debris Slide NA
1653,AP/LDV/82P11/2022/LS71,Arunachal Pradesh,"Lower Dibang Valley Sisseri bridge slide NH-13, towards sisseri bridge",28.251139,95.55011,Debris Slide NA,"1653 AP/LDV/82P11/2022/LS71 Arunachal Pradesh Lower Dibang Valley Sisseri bridge slide NH-13, towards sisseri bridge 28.251139 95.55011 Debris Slide NA"
1658,AP/LDV/82P11/2022/LS72,Arunachal Pradesh,"Lower Dibang Valley Sisseri bridge slide NH-13, towards Sesseri bridge",28.253915,95.578439,Debris Slide NA,"1658 AP/LDV/82P11/2022/LS72 Arunachal Pradesh Lower Dibang Valley Sisseri bridge slide NH-13, towards Sesseri bridge 28.253915 95.578439 Debris Slide NA"
1659,AP/LDV/82P11/2022/LS73,Arunachal Pradesh,"Lower Dibang Valley Sisseri bridge slide NH-13, near Sesseri bridge",28.254509,95.581558,Debris Slide NA,"1659 AP/LDV/82P11/2022/LS73 Arunachal Pradesh Lower Dibang Valley Sisseri bridge slide NH-13, near Sesseri bridge 28.254509 95.581558 Debris Slide NA"
1660,AP/LDV/82P11/2022/LS74,Arunachal Pradesh,"Lower Dibang Valley Sisseri bridge slide NH-13, Sesseri Bridge",28.255059,95.576996,Debris Slide NA,"1660 AP/LDV/82P11/2022/LS74 Arunachal Pradesh Lower Dibang Valley Sisseri bridge slide NH-13, Sesseri Bridge 28.255059 95.576996 Debris Slide NA"
1661,,Arunachal Pradesh,Lower Dibang Valley LS-24 NH-13,28.255261,95.582613,Rock Wedge failure NA,1661 AP/E-Siang/82P8/2021/LS24 Arunachal Pradesh Lower Dibang Valley LS-24 NH-13 28.255261 95.582613 Rock Wedge failure NA
1662,AP/LDV/82P11/2022/LS75,Arunachal Pradesh,Lower Dibang Valley LS-75 NH-13,28.255355,95.551658,Debris Slide NA,1662 AP/LDV/82P11/2022/LS75 Arunachal Pradesh Lower Dibang Valley LS-75 NH-13 28.255355 95.551658 Debris Slide NA
1663,,Arunachal Pradesh,"Lower Dibang Valley LS-25 NH-13, towards Rengging",28.255703,95.55061,Rock Wedge failure NA,"1663 AP/E-Siang/82P8/2021/LS25 Arunachal Pradesh Lower Dibang Valley LS-25 NH-13, towards Rengging 28.255703 95.55061 Rock Wedge failure NA"
1665,,Arunachal Pradesh,Lower Dibang Valley LS-26 NH-13,28.256126,95.576152,Debris Slide NA,1665 AP/E-Siang/82P8/2021/LS26 Arunachal Pradesh Lower Dibang Valley LS-26 NH-13 28.256126 95.576152 Debris Slide NA
1666,AP/LDV/82P11/2022/LS77,Arunachal Pradesh,Lower Dibang Valley LS-77 NH-13,28.256397,95.550978,Debris Slide NA,1666 AP/LDV/82P11/2022/LS77 Arunachal Pradesh Lower Dibang Valley LS-77 NH-13 28.256397 95.550978 Debris Slide NA
1667,AP/LDV/82P11/2022/LS76,Arunachal Pradesh,"Lower Dibang Valley Sisseri bridge slide NH-13, towards Sesseri bridge",28.256434,95.57515,Debris Slide NA,"1667 AP/LDV/82P11/2022/LS76 Arunachal Pradesh Lower Dibang Valley Sisseri bridge slide NH-13, towards Sesseri bridge 28.256434 95.57515 Debris Slide NA"
1668,AP/LDV/82P11/2022/LS84,Arunachal Pradesh,"Lower Dibang Valley Sisseri bridge slide NH-13, Sesseri Bridge",28.25701,95.551656,Debris Slide NA,"1668 AP/LDV/82P11/2022/LS84 Arunachal Pradesh Lower Dibang Valley Sisseri bridge slide NH-13, Sesseri Bridge 28.25701 95.551656 Debris Slide NA"
1684,AP/LDV/82P/11/2022/LS-92,Arunachal Pradesh,Lower Dibang Valley  West Sisseri bridge slide  NH-13.,28.262806,95.565421,Debris Slide NA,1684 AP/LDV/82P/11/2022/LS-92 Arunachal Pradesh Lower Dibang Valley  West Sisseri bridge slide  NH-13. 28.262806 95.565421 Debris Slide NA
1685,AP/LDV/82P11/2022/LS83,Arunachal Pradesh,Lower Dibang Valley LS-83 NH-13,28.262879,95.551911,Debris Slide NA,1685 AP/LDV/82P11/2022/LS83 Arunachal Pradesh Lower Dibang Valley LS-83 NH-13 28.262879 95.551911 Debris Slide NA
1688,AP/LDV/82P/11/2022/LS-94,Arunachal Pradesh,Lower Dibang Valley  West Sessiri bridge NH-13,28.263468,95.570661,Rock Wedge failure NA,1688 AP/LDV/82P/11/2022/LS-94 Arunachal Pradesh Lower Dibang Valley  West Sessiri bridge NH-13 28.263468 95.570661 Rock Wedge failure NA
1689,AP/LDV/82P/11/2022/LS-95,Arunachal Pradesh,Lower Dibang Valley West Sessiri bridge NH-13,28.263731,95.551326,Debris Slide NA,1689 AP/LDV/82P/11/2022/LS-95 Arunachal Pradesh Lower Dibang Valley West Sessiri bridge NH-13 28.263731 95.551326 Debris Slide NA
1691,,Arunachal Pradesh,"Lower Dibang Valley Mebo Slide NH-13, NE of Mebo village",28.2646,95.571519,Debris Slide NA,"1691 AP/E-Siang/82P8/2022/LS30 Arunachal Pradesh Lower Dibang Valley Mebo Slide NH-13, NE of Mebo village 28.2646 95.571519 Debris Slide NA"
1694,,Arunachal Pradesh,"Lower Dibang Valley Mebo Slide NH-13, NE of Mebo village",28.265266,95.56964,Debris Slide NA,"1694 AP/E-Siang/82P8/2022/LS31 Arunachal Pradesh Lower Dibang Valley Mebo Slide NH-13, NE of Mebo village 28.265266 95.56964 Debris Slide NA"
1695,,Arunachal Pradesh,"Lower Dibang Valley Mebo Slide NH-13, NE of Mebo village",28.265532,95.549321,Debris Slide NA,"1695 AP/E-Siang/82P8/2022/LS32 Arunachal Pradesh Lower Dibang Valley Mebo Slide NH-13, NE of Mebo village 28.265532 95.549321 Debris Slide NA"
1699,,Arunachal Pradesh,"Lower Dibang Valley Mebo Slide NH-13, NE of Mebo village",28.265836,95.563875,Debris Slide NA,"1699 AP/E-Siang/82P8/2022/LS33 Arunachal Pradesh Lower Dibang Valley Mebo Slide NH-13, NE of Mebo village 28.265836 95.563875 Debris Slide NA"
1706,AP/DV/84P/14/2022/LS-102,Arunachal Pradesh,"Lower Dibang Valley  Anini Slide NH-13, Etalin to Anini",28.267216,95.559542,Debris Slide NA,"1706 AP/DV/84P/14/2022/LS-102 Arunachal Pradesh Lower Dibang Valley  Anini Slide NH-13, Etalin to Anini 28.267216 95.559542 Debris Slide NA"
1707,,Arunachal Pradesh,"Lower Dibang Valley Mebo Slide NH-13, nE of Mebo village",28.267526,95.561048,Debris Slide NA,"1707 AP/E-Siang/82P8/2022/LS34 Arunachal Pradesh Lower Dibang Valley Mebo Slide NH-13, nE of Mebo village 28.267526 95.561048 Debris Slide NA"
1708,AP/LD/82P/14/2022/LS-103,Arunachal Pradesh,"Lower Dibang Valley <Null> NH-13, Etalin to Anini",28.267726,95.551477,Debris Slide NA,"1708 AP/LD/82P/14/2022/LS-103 Arunachal Pradesh Lower Dibang Valley <Null> NH-13, Etalin to Anini 28.267726 95.551477 Debris Slide NA"
1711,,Arunachal Pradesh,"Lower Dibang Valley Mebo Slide NH-13, nE of Mebo village, upstream of River",28.26825,95.555457,Debris Slide NA,"1711 AP/E-Siang/82P8/2022/LS35 Arunachal Pradesh Lower Dibang Valley Mebo Slide NH-13, nE of Mebo village, upstream of River 28.26825 95.555457 Debris Slide NA"
1712,,Arunachal Pradesh,"Lower Dibang Valley LS-36 NH-13, NE of Siluk village",28.269062,95.610767,Debris Slide NA,"1712 AP/E-Siang/82P8/2022/LS36 Arunachal Pradesh Lower Dibang Valley LS-36 NH-13, NE of Siluk village 28.269062 95.610767 Debris Slide NA"
1714,,Arunachal Pradesh,"Lower Dibang Valley LS-37 NH-13, Sesseri Bridge",28.26986,95.610757,Debris Slide NA,"1714 AP/E-Siang/82P8/2022/LS37 Arunachal Pradesh Lower Dibang Valley LS-37 NH-13, Sesseri Bridge 28.26986 95.610757 Debris Slide NA"
1825,AR/WS/82L16/2022/080,Arunachal Pradesh,West Siang Jomlo-Mongku Slide 3 NH-13,28.506306,94.873361,Debris Slide NA,1825 AR/WS/82L16/2022/080 Arunachal Pradesh West Siang Jomlo-Mongku Slide 3 NH-13 28.506306 94.873361 Debris Slide NA
1846,,Arunachal Pradesh,"Dibang Valley LS-39 NH-13, Pasighat river slide",28.608016,95.854035,Debris Slide NA,"1846 AP/E-Siang/82P8/2022/LS39 Arunachal Pradesh Dibang Valley LS-39 NH-13, Pasighat river slide 28.608016 95.854035 Debris Slide NA"
1847,AP/LDV/82P8/2022/LS38,Arunachal Pradesh,"Dibang Valley LS-38 NH-13, Dambuk slide",28.609263,95.856878,Debris Slide NA,"1847 AP/LDV/82P8/2022/LS38 Arunachal Pradesh Dibang Valley LS-38 NH-13, Dambuk slide 28.609263 95.856878 Debris Slide NA"
1851,AP/LDV/82P11/2022/LS82,Arunachal Pradesh,Dibang Valley LS-82 NH-13,28.615893,95.859914,Debris Slide NA,1851 AP/LDV/82P11/2022/LS82 Arunachal Pradesh Dibang Valley LS-82 NH-13 28.615893 95.859914 Debris Slide NA
1857,AP/LDV/82P11/2022/LS81,Arunachal Pradesh,Dibang Valley LS-81 NH-13,28.62267,95.856377,Debris Slide NA,1857 AP/LDV/82P11/2022/LS81 Arunachal Pradesh Dibang Valley LS-81 NH-13 28.62267 95.856377 Debris Slide NA
1860,,Arunachal Pradesh,"Dibang Valley LS-40 NH-13, Pasighat bridge slide",28.625114,95.852703,Debris Slide NA,"1860 AP/E-Siang/82P8/2022/LS40 Arunachal Pradesh Dibang Valley LS-40 NH-13, Pasighat bridge slide 28.625114 95.852703 Debris Slide NA"
1865,AP/LDV/82P11/2022/LS80,Arunachal Pradesh,Dibang Valley LS-80 NH-13,28.638336,95.856331,Debris Slide NA,1865 AP/LDV/82P11/2022/LS80 Arunachal Pradesh Dibang Valley LS-80 NH-13 28.638336 95.856331 Debris Slide NA
1880,,Arunachal Pradesh,"Dibang Valley LS-41 NH-13, Komlighat park, Pasighat bridge slide",28.760937,95.865649,Debris Slide NA,"1880 AP/E-Siang/82P8/2022/LS41 Arunachal Pradesh Dibang Valley LS-41 NH-13, Komlighat park, Pasighat bridge slide 28.760937 95.865649 Debris Slide NA"
1882,,Arunachal Pradesh,"Dibang Valley LS-42 NH-13, Komlighat park, Pasighat bridge slide",28.763514,95.868872,Debris Slide NA,"1882 AP/E-Siang/82P8/2022/LS42 Arunachal Pradesh Dibang Valley LS-42 NH-13, Komlighat park, Pasighat bridge slide 28.763514 95.868872 Debris Slide NA"
1892,,Arunachal Pradesh,"Dibang Valley LS-43 NH-13, komlighat park, Pasighat bridge slide",28.783517,95.904106,Debris Slide NA,"1892 AP/E-Siang/82P8/2022/LS43 Arunachal Pradesh Dibang Valley LS-43 NH-13, komlighat park, Pasighat bridge slide 28.783517 95.904106 Debris Slide NA"
1895,,Arunachal Pradesh,"Dibang Valley LS-44 NH-13, Komlighat park",28.786868,95.908637,Debris Slide NA,"1895 AP/E-Siang/82P8/2022/LS44 Arunachal Pradesh Dibang Valley LS-44 NH-13, Komlighat park 28.786868 95.908637 Debris Slide NA"
1899,AP/LDV/82P11/2022/LS78,Arunachal Pradesh,"East Siang Sisseri bridge slide NH-13, towards Sesseri bridge",28.789647,95.894965,Debris Slide NA,"1899 AP/LDV/82P11/2022/LS78 Arunachal Pradesh East Siang Sisseri bridge slide NH-13, towards Sesseri bridge 28.789647 95.894965 Debris Slide NA"
1915,,Arunachal Pradesh,"Dibang Valley LS-45 NH-13, Komlighat park",28.827069,95.9225,Debris Slide NA,"1915 AP/E-Siang/82P8/2022/LS45 Arunachal Pradesh Dibang Valley LS-45 NH-13, Komlighat park 28.827069 95.9225 Debris Slide NA"
1924,AP/LDV/82P11/2022/LS79,Arunachal Pradesh,Dibang Valley LS-79 NH-13,28.85641,95.859872,Debris Slide NA,1924 AP/LDV/82P11/2022/LS79 Arunachal Pradesh Dibang Valley LS-79 NH-13 28.85641 95.859872 Debris Slide NA
1942,,Arunachal Pradesh,West Kameng NULL NULL,27.092699,92.58314,Debris Slide NA,1942 4691 Arunachal Pradesh West Kameng NULL NULL 27.092699 92.58314 Debris Slide NA
1944,AR/EAK/84E03/2025/01,Arunachal Pradesh,East Kameng NH 13,27.322582,93.048256,Debris Slide NA,1944 AR/EAK/84E03/2025/01 Arunachal Pradesh East Kameng NH 13 27.322582 93.048256 Debris Slide NA
1945,AR/EAK/84E03/2025/02,Arunachal Pradesh,East Kameng NH 13,27.313874,93.045623,Soil Slide NA,1945 AR/EAK/84E03/2025/02 Arunachal Pradesh East Kameng NH 13 27.313874 93.045623 Soil Slide NA
1946,AR/EAK/84E03/2025/03,Arunachal Pradesh,East Kameng NH 13,27.311231,93.04677,Soil Slide NA,1946 AR/EAK/84E03/2025/03 Arunachal Pradesh East Kameng NH 13 27.311231 93.04677 Soil Slide NA
1948,AR/EAK/84E03/2025/05,Arunachal Pradesh,East Kameng NH 13,27.309745,93.047722,Soil Slide NA,1948 AR/EAK/84E03/2025/05 Arunachal Pradesh East Kameng NH 13 27.309745 93.047722 Soil Slide NA
1949,AR/EAK/84E03/2025/06,Arunachal Pradesh,East Kameng NH 13,27.304291,93.052835,Debris Slide NA,1949 AR/EAK/84E03/2025/06 Arunachal Pradesh East Kameng NH 13 27.304291 93.052835 Debris Slide NA
1950,AR/EAK/84E03/2025/07,Arunachal Pradesh,East Kameng NH 13,27.304291,93.052835,Debris Slide NA,1950 AR/EAK/84E03/2025/07 Arunachal Pradesh East Kameng NH 13 27.304291 93.052835 Debris Slide NA
1951,AR/EAK/84E03/2025/08,Arunachal Pradesh,East Kameng NH 13,27.308143,93.059302,Soil Slide NA,1951 AR/EAK/84E03/2025/08 Arunachal Pradesh East Kameng NH 13 27.308143 93.059302 Soil Slide NA
1952,AR/EAK/84E03/2025/09,Arunachal Pradesh,East Kameng NH 13,27.301468,93.053244,Debris Slide NA,1952 AR/EAK/84E03/2025/09 Arunachal Pradesh East Kameng NH 13 27.301468 93.053244 Debris Slide NA
1953,AR/EAK/84E03/2025/10,Arunachal Pradesh,East Kameng NH 13,27.302253,93.050932,Debris Slide NA,1953 AR/EAK/84E03/2025/10 Arunachal Pradesh East Kameng NH 13 27.302253 93.050932 Debris Slide NA
1954,AR/EAK/84E03/2025/11,Arunachal Pradesh,East Kameng NH 13,27.293539,93.050398,Debris Slide NA,1954 AR/EAK/84E03/2025/11 Arunachal Pradesh East Kameng NH 13 27.293539 93.050398 Debris Slide NA
1955,AR/EAK/84E03/2025/12,Arunachal Pradesh,East Kameng NH 13,27.296928,93.088111,Debris Slide NA,1955 AR/EAK/84E03/2025/12 Arunachal Pradesh East Kameng NH 13 27.296928 93.088111 Debris Slide NA
1956,AR/EAK/84E03/2025/13,Arunachal Pradesh,East Kameng NH 13,27.296928,93.088111,Debris Slide NA,1956 AR/EAK/84E03/2025/13 Arunachal Pradesh East Kameng NH 13 27.296928 93.088111 Debris Slide NA
1957,AR/EAK/84E03/2025/14,Arunachal Pradesh,East Kameng NH 13,27.296928,93.088111,Debris Slide NA,1957 AR/EAK/84E03/2025/14 Arunachal Pradesh East Kameng NH 13 27.296928 93.088111 Debris Slide NA
1958,AR/EAK/84E03/2025/15,Arunachal Pradesh,East Kameng NH 13,27.296928,93.088111,Debris Slide NA,1958 AR/EAK/84E03/2025/15 Arunachal Pradesh East Kameng NH 13 27.296928 93.088111 Debris Slide NA
1959,AR/EAK/84E03/2025/16,Arunachal Pradesh,East Kameng NH 13,27.296928,93.088111,Debris Slide NA,1959 AR/EAK/84E03/2025/16 Arunachal Pradesh East Kameng NH 13 27.296928 93.088111 Debris Slide NA
1960,AR/EAK/84E03/2025/17,Arunachal Pradesh,East Kameng NH 13,27.296928,93.088111,Debris Slide NA,1960 AR/EAK/84E03/2025/17 Arunachal Pradesh East Kameng NH 13 27.296928 93.088111 Debris Slide NA
1961,AR/EAK/84E03/2025/18,Arunachal Pradesh,East Kameng NH 13,27.301412,93.051563,Debris Slide NA,1961 AR/EAK/84E03/2025/18 Arunachal Pradesh East Kameng NH 13 27.301412 93.051563 Debris Slide NA
1962,AR/EAK/84E03/2025/19,Arunachal Pradesh,East Kameng NH 13,27.311571,93.046703,Debris Slide NA,1962 AR/EAK/84E03/2025/19 Arunachal Pradesh East Kameng NH 13 27.311571 93.046703 Debris Slide NA
1963,AR/EAK/84E04/2025/20,Arunachal Pradesh,Pakke Kessang NH 13,27.216933,93.066329,Debris Slide NA,1963 AR/EAK/84E04/2025/20 Arunachal Pradesh Pakke Kessang NH 13 27.216933 93.066329 Debris Slide NA
1964,AR/EAK/84E04/2025/21,Arunachal Pradesh,Pakke Kessang NH 13,27.216933,93.066329,Debris Slide NA,1964 AR/EAK/84E04/2025/21 Arunachal Pradesh Pakke Kessang NH 13 27.216933 93.066329 Debris Slide NA
1965,AR/EAK/84E03/2025/22,Arunachal Pradesh,East Kameng NH 13,27.296928,93.088111,Debris Slide NA,1965 AR/EAK/84E03/2025/22 Arunachal Pradesh East Kameng NH 13 27.296928 93.088111 Debris Slide NA
1966,AR/EAK/84E03/2025/23,Arunachal Pradesh,East Kameng NH 13,27.296928,93.088111,Debris Slide NA,1966 AR/EAK/84E03/2025/23 Arunachal Pradesh East Kameng NH 13 27.296928 93.088111 Debris Slide NA
1967,AR/EAK/84E03/2025/24,Arunachal Pradesh,East Kameng NH 13,27.296928,93.088111,Debris Slide NA,1967 AR/EAK/84E03/2025/24 Arunachal Pradesh East Kameng NH 13 27.296928 93.088111 Debris Slide NA
1968,AR/EAK/84E03/2025/25,Arunachal Pradesh,East Kameng NH 13,27.296928,93.088111,Debris Slide NA,1968 AR/EAK/84E03/2025/25 Arunachal Pradesh East Kameng NH 13 27.296928 93.088111 Debris Slide NA
1970,AR/EAK/84E03/2025/27,Arunachal Pradesh,East Kameng NH 13,27.296928,93.088111,Debris Slide NA,1970 AR/EAK/84E03/2025/27 Arunachal Pradesh East Kameng NH 13 27.296928 93.088111 Debris Slide NA
1971,AR/EAK/84E03/2025/28,Arunachal Pradesh,East Kameng NH 13,27.296928,93.088111,Debris Slide NA,1971 AR/EAK/84E03/2025/28 Arunachal Pradesh East Kameng NH 13 27.296928 93.088111 Debris Slide NA
1972,AR/EAK/84E12/2025/29,Arunachal Pradesh,Papum Pare NH-13,27.213127,92.652213,Debris Slide NA,1972 AR/EAK/84E12/2025/29 Arunachal Pradesh Papum Pare NH-13 27.213127 92.652213 Debris Slide NA
1973,AR/EAK/84E12/2025/30,Arunachal Pradesh,Papum Pare NH-13,27.062298,93.531487,Debris Slide NA,1973 AR/EAK/84E12/2025/30 Arunachal Pradesh Papum Pare NH-13 27.062298 93.531487 Debris Slide NA
1975,,Arunachal Pradesh,West Kameng Pinjuli bridge Just before pinjuli bridge,27.084417,92.586622,Debris slide NA,1975 3515 Arunachal Pradesh West Kameng Pinjuli bridge Just before pinjuli bridge 27.084417 92.586622 Debris slide NA
1979,,Arunachal Pradesh,West Kameng,27.08386,92.587656,rock slide NA,1979 4540 Arunachal Pradesh West Kameng 27.08386 92.587656 rock slide NA
2021,,Arunachal Pradesh,West Kameng Near BRO camp,27.177138,92.576909,Debris slide NA,2021 6980 Arunachal Pradesh West Kameng Near BRO camp 27.177138 92.576909 Debris slide NA
2022,,Arunachal Pradesh,West Kameng NE of BRO camp,27.178567,92.583154,Debris slide NA,2022 6981 Arunachal Pradesh West Kameng NE of BRO camp 27.178567 92.583154 Debris slide NA
2023,,Arunachal Pradesh,West Kameng Near BRO camp,27.177138,92.576909,Debris slide NA,2023 6982 Arunachal Pradesh West Kameng Near BRO camp 27.177138 92.576909 Debris slide NA
2024,,Arunachal Pradesh,West Kameng Near Jamiri village,27.184248,92.579624,Debris slide NA,2024 6983 Arunachal Pradesh West Kameng Near Jamiri village 27.184248 92.579624 Debris slide NA
2028,,Arunachal Pradesh,West Kameng Nichiphula Taken from opposite slope/road,27.318647,92.77855,Debris slide NA,2028 6990 Arunachal Pradesh West Kameng Nichiphula Taken from opposite slope/road 27.318647 92.77855 Debris slide NA
2029,,Arunachal Pradesh,West Kameng Nichiphula,27.24867,92.737685,Rock slide NA,2029 6991 Arunachal Pradesh West Kameng Nichiphula 27.24867 92.737685 Rock slide NA
2030,,Arunachal Pradesh,West Kameng,27.288425,92.769407,Rock slide NA,2030 6992 Arunachal Pradesh West Kameng 27.288425 92.769407 Rock slide NA
2039,,Arunachal Pradesh,West Kameng way to NIT,27.213127,92.652213,Debris slide NA,2039 7001 Arunachal Pradesh West Kameng way to NIT 27.213127 92.652213 Debris slide NA
2048,,Arunachal Pradesh,East Siang Near Renging NH-13,28.136244,95.245136,Debris slide NA,2048 7047 Arunachal Pradesh East Siang Near Renging NH-13 28.136244 95.245136 Debris slide NA
