segment_id,historical_landslide_count,nearest_landslide_distance_m
seg_22832893_0,0,
seg_38719482_0,0,
seg_44638618_0,0,
seg_44638618_1,0,
seg_44638677_0,0,
seg_44638799_0,0,
seg_44638799_1,0,
seg_44638799_2,0,
seg_44638799_3,0,
seg_44638826_0,0,
seg_44638826_1,0,
seg_44638826_2,0,
seg_44639059_0,0,
seg_44639607_0,0,
seg_44639607_1,0,
seg_44639622_0,0,
seg_44639622_1,0,
seg_44639797_0,0,
seg_44639823_0,0,
seg_44639845_0,0,
seg_44639845_1,0,
seg_44639845_2,0,
seg_44639845_3,0,
seg_44639845_4,0,
seg_44639845_5,0,
seg_44639845_6,0,
seg_44639846_0,0,
seg_44639859_0,0,
seg_44641071_0,0,
seg_44641071_1,0,
seg_44641072_0,0,
seg_44641101_0,0,
seg_44641101_1,0,
seg_44641105_0,0,
seg_44641120_0,0,
seg_44641131_0,0,
seg_44641131_1,0,
seg_44641131_2,0,
seg_44641140_0,0,
seg_44641222_0,0,
seg_44641257_0,0,
seg_44642944_0,0,
seg_44642944_1,0,
seg_44643106_0,0,
seg_44643106_1,0,
seg_44643106_2,0,
seg_44643131_0,0,
seg_44643131_1,0,
seg_44643152_0,0,
seg_44643275_0,0,
seg_44643275_1,0,
seg_44643275_2,0,
seg_44643275_3,0,
seg_44643283_0,0,
seg_44643353_0,0,
seg_44643353_1,0,
seg_44643354_0,0,
seg_44643354_1,0,
seg_44643354_2,0,
seg_44643380_0,0,
seg_44643380_1,0,
seg_44643380_2,0,
seg_44643380_3,0,
seg_44643380_4,0,
seg_44643380_5,0,
seg_44643380_6,0,
seg_44643397_0,0,
seg_44643404_0,0,
seg_44644201_0,0,
seg_44644201_1,0,
seg_44644201_2,0,
seg_44644201_3,0,
seg_44644259_0,0,
seg_44644278_0,0,
seg_44644279_0,0,
seg_44644280_0,0,
seg_44644341_0,0,
seg_44644363_0,0,
seg_44644363_1,0,
seg_44644363_2,0,
seg_44644445_0,0,
seg_44644445_1,0,
seg_44644445_2,0,
seg_44644445_3,0,
seg_44644445_4,0,
seg_44644445_5,0,
seg_44644445_6,0,
seg_44644447_0,0,
seg_44644447_1,0,
seg_44644449_0,0,
seg_44644449_1,0,
seg_44644449_2,0,
seg_44644449_3,0,
seg_44644556_0,0,
seg_44644560_0,0,
seg_44644633_0,0,
seg_44644633_1,0,
seg_44644633_2,0,
seg_44644633_3,0,
seg_44644633_4,0,
seg_44645090_0,0,
seg_44645091_0,0,
seg_44645092_0,0,
seg_44645092_1,0,
seg_44645149_0,0,
seg_44645516_0,0,
seg_44645517_0,0,
seg_44645517_1,0,
seg_44645518_0,0,
seg_44645573_0,0,
seg_44645573_1,0,
seg_44645573_2,0,
seg_44645573_3,0,
seg_44645880_0,0,
seg_44733863_0,0,
seg_44733866_0,0,
seg_44733866_1,0,
seg_44733866_2,0,
seg_44733869_0,0,
seg_44734379_0,0,
seg_44734384_0,0,
seg_44734384_1,0,
seg_44734384_2,0,
seg_44734385_0,0,
seg_44734387_0,0,
seg_44734387_1,0,
seg_44734389_0,0,
seg_44734593_0,0,
seg_44734595_0,0,
seg_44734595_1,0,
seg_44734596_0,0,
seg_44736736_0,0,
seg_44736736_1,0,
seg_44736736_2,0,
seg_44736737_0,0,
seg_44736737_1,0,
seg_44736738_0,11,3.96
seg_44736742_0,0,
seg_44736742_1,0,
seg_44736742_2,0,
seg_44736743_0,0,
seg_44736940_0,0,
seg_44736947_0,0,
seg_44768595_0,0,
seg_44768595_1,0,
seg_44768595_2,0,
seg_44768597_0,0,
seg_44768597_1,0,
seg_44768597_2,0,
seg_44768600_0,0,
seg_44768600_1,0,
seg_44768600_2,0,
seg_44889577_0,0,
seg_44892570_0,0,
seg_44892570_1,0,
seg_44892570_2,0,
seg_44892570_3,0,
seg_44892570_4,0,
seg_44892570_5,0,
seg_44892580_0,0,
seg_44898808_0,0,
seg_44898849_0,0,
seg_44898849_1,0,
seg_44898849_2,0,
seg_51188426_0,0,
seg_51188427_0,0,
seg_51188429_0,0,
seg_51188437_0,0,
seg_51188438_0,0,
seg_51188438_1,0,
seg_51188438_2,0,
seg_51188438_3,0,
seg_51188438_4,0,
seg_51188438_5,0,
seg_51188439_0,0,
seg_51188439_1,0,
seg_51188447_0,0,
seg_51188915_0,0,
seg_51188916_0,0,
seg_51188917_0,0,
seg_51188917_1,0,
seg_51188917_2,0,
seg_51188919_0,0,
seg_51188920_0,0,
seg_51188921_0,0,
seg_51188921_1,0,
seg_51188922_0,0,
seg_51188922_1,0,
seg_51188926_0,0,
seg_51188929_0,0,
seg_51188930_0,0,
seg_51188930_1,0,
seg_51188930_2,0,
seg_51188932_0,0,
seg_51188932_1,0,
seg_51188934_0,0,
seg_51189484_0,0,
seg_51189492_0,0,
seg_51189498_0,0,
seg_51252535_0,0,
seg_51252536_0,0,
seg_51252537_0,0,
seg_51252537_1,0,
seg_51252624_0,0,
seg_51252624_1,0,
seg_51252624_2,0,
seg_51252625_0,0,
seg_51252625_1,0,
seg_51252626_0,0,
seg_51252627_0,0,
seg_51252627_1,0,
seg_51252627_2,0,
seg_51252628_0,0,
seg_51252630_0,0,
seg_51252630_1,0,
seg_53216589_0,0,
seg_53216590_0,0,
seg_53216599_0,0,
seg_53216601_0,0,
seg_53216601_1,0,
seg_53217184_0,0,
seg_72077809_0,0,
seg_72077809_1,0,
seg_72077809_2,0,
seg_72077809_3,0,
seg_72077809_4,0,
seg_72077811_0,0,
seg_72077811_1,0,
seg_72077811_2,0,
seg_72077811_3,0,
seg_72077811_4,0,
seg_72077811_5,0,
seg_72077811_6,0,
seg_72077811_7,0,
seg_97947825_0,0,
seg_97947825_1,0,
seg_97947825_2,0,
seg_97947827_0,0,
seg_97947827_1,0,
seg_98720786_0,0,
seg_98720786_1,0,
seg_98720787_0,0,
seg_98720787_1,0,
seg_98720787_2,0,
seg_98720787_3,0,
seg_98720787_4,0,
seg_102627671_0,0,
seg_114812763_0,0,
seg_114812766_0,0,
seg_114812766_1,0,
seg_114812766_2,0,
seg_114812768_0,0,
seg_114812768_1,0,
seg_114812768_2,0,
seg_114812771_0,0,
seg_114812788_0,0,
seg_114812790_0,0,
seg_114812791_0,0,
seg_120130506_0,0,
seg_120130506_1,0,
seg_120130506_2,0,
seg_120130535_0,0,
seg_120487460_0,0,
seg_120487460_1,0,
seg_120487460_2,0,
seg_120487460_3,0,
seg_120487460_4,0,
seg_120487460_5,0,
seg_120487460_6,0,
seg_120487460_7,0,
seg_120487460_8,0,
seg_120487460_9,0,
seg_121380522_0,0,
seg_121499149_0,0,
seg_122008081_0,0,
seg_122008093_0,0,
seg_122008093_1,0,
seg_122008093_2,0,
seg_122008098_0,0,
seg_122008098_1,0,
seg_122008106_0,0,
seg_122008126_0,0,
seg_122009488_0,0,
seg_122026615_0,0,
seg_122026617_0,0,
seg_122026632_0,0,
seg_122026632_1,0,
seg_122026632_2,0,
seg_122026634_0,0,
seg_122026653_0,0,
seg_122026677_0,0,
seg_122026677_1,0,
seg_122026680_0,0,
seg_122026724_0,0,
seg_122026748_0,0,
seg_122026781_0,0,
seg_122026781_1,0,
seg_122026781_2,0,
seg_122026781_3,0,
seg_122027964_0,0,
seg_122027969_0,0,
seg_122027972_0,0,
seg_122027972_1,0,
seg_122030738_0,0,
seg_122030738_1,0,
seg_122030739_0,0,
seg_122030746_0,0,
seg_122030750_0,0,
seg_122030754_0,0,
seg_122030754_1,0,
seg_122030754_2,0,
seg_122030766_0,0,
seg_122030770_0,0,
seg_122031554_0,0,
seg_123891692_0,0,
seg_123891695_0,0,
seg_123891695_1,0,
seg_123891706_0,0,
seg_123891706_1,0,
seg_123891708_0,0,
seg_123891708_1,0,
seg_123891708_2,0,
seg_123891709_0,0,
seg_123891716_0,0,
seg_129101834_0,0,
seg_130149151_0,0,
seg_132967581_0,0,
seg_132967605_0,0,
seg_135461184_0,0,
seg_136316001_0,0,
seg_136316001_1,0,
seg_136316001_2,0,
seg_136316001_3,0,
seg_136316001_4,0,
seg_136316001_5,0,
seg_136316001_6,0,
seg_136316001_7,0,
seg_136316001_8,0,
seg_136316004_0,0,
seg_136316004_1,0,
seg_136316021_0,0,
seg_136316021_1,0,
seg_136316021_2,0,
seg_144197013_0,0,
seg_144197013_1,0,
seg_144197013_2,0,
seg_144197014_0,0,
seg_144357674_0,0,
seg_144357674_1,0,
seg_146351050_0,0,
seg_154290478_0,0,
seg_154290478_1,0,
seg_154290481_0,0,
seg_154290494_0,0,
seg_157584895_0,0,
seg_157584897_0,0,
seg_157584898_0,0,
seg_157584898_1,0,
seg_157586072_0,0,
seg_157586072_1,0,
seg_157587544_0,0,
seg_157587544_1,0,
seg_157587547_0,0,
seg_157587547_1,0,
seg_157587547_2,0,
seg_157587548_0,0,
seg_157587549_0,0,
seg_157598093_0,1,4.82
seg_157598093_1,0,
seg_157598093_2,0,
seg_157600650_0,0,
seg_157600650_1,0,
seg_157600650_2,0,
seg_157600651_0,0,
seg_157600651_1,0,
seg_157600651_2,0,
seg_157600672_0,0,
seg_157600672_1,0,
seg_157600674_0,0,
seg_157600685_0,0,
seg_157600685_1,0,
seg_157600685_2,0,
seg_158014341_0,0,
seg_158014341_1,0,
seg_168274949_0,0,
seg_168275012_1,0,
seg_168274990_0,0,
seg_168274990_1,0,
seg_168274990_2,0,
seg_168274990_3,0,
seg_168274991_0,0,
seg_168274997_0,0,
seg_168274999_0,0,
seg_168275000_0,0,
seg_168275000_1,0,
seg_168275000_2,0,
seg_168275009_0,0,
seg_168275011_0,0,
seg_168275011_1,0,
seg_168275012_0,0,
seg_168275012_2,0,
seg_169939254_0,0,
seg_169939254_1,0,
seg_169939254_2,0,
seg_169939254_3,0,
seg_169939262_0,0,
seg_169939262_1,0,
seg_169939303_0,0,
seg_169939303_1,0,
seg_169984538_0,0,
seg_169984540_0,0,
seg_169984540_1,0,
seg_169984542_0,0,
seg_169984543_0,0,
seg_169984543_1,0,
seg_169984545_0,0,
seg_169984545_1,0,
seg_169984545_2,0,
seg_169984545_3,0,
seg_169984545_4,0,
seg_169984549_0,0,
seg_169984555_0,0,
seg_169984557_0,0,
seg_169984557_1,0,
seg_169984557_2,0,
seg_169984564_0,0,
seg_169984564_1,0,
seg_169984564_2,0,
seg_169984565_0,0,
seg_169984565_1,0,
seg_221068463_0,0,
seg_221068463_1,0,
seg_221068463_2,0,
seg_221068463_3,0,
seg_221068463_4,0,
seg_221068464_0,0,
seg_221068465_0,0,
seg_221068465_1,0,
seg_221068465_2,0,
seg_221068465_3,0,
seg_221068466_0,0,
seg_221068467_0,0,
seg_221068468_0,0,
seg_221068469_0,0,
seg_221068472_0,0,
seg_221491270_0,0,
seg_221491270_1,0,
seg_221569524_0,0,
seg_221569524_1,0,
seg_221569524_2,0,
seg_221569525_0,0,
seg_221569525_1,0,
seg_221569525_2,0,
seg_221569525_3,0,
seg_221578208_0,0,
seg_221578209_0,0,
seg_221578209_1,0,
seg_222980003_0,0,
seg_224011410_0,0,
seg_224011410_1,0,
seg_224011411_0,0,
seg_224011412_0,0,
seg_224011413_0,0,
seg_224011414_0,0,
seg_224011415_0,0,
seg_224011416_0,0,
seg_224011416_1,0,
seg_224011416_2,0,
seg_224011418_0,0,
seg_224011420_0,0,
seg_224011421_0,0,
seg_224011422_0,0,
seg_224011422_1,0,
seg_224011423_0,0,
seg_224011423_1,0,
seg_224011425_0,0,
seg_224011427_0,0,
seg_224011428_0,0,
seg_224011428_1,0,
seg_224011428_2,0,
seg_224011429_0,0,
seg_224011429_1,0,
seg_224013298_0,0,
seg_224013298_1,0,
seg_224013299_0,0,
seg_224013299_1,0,
seg_224013300_0,0,
seg_224129747_0,0,
seg_224129750_0,0,
seg_224129750_1,0,
seg_224129750_2,0,
seg_224647936_0,0,
seg_224647937_0,0,
seg_224647937_1,0,
seg_225904841_0,0,
seg_225904842_0,0,
seg_225904852_0,0,
seg_225904852_1,0,
seg_225904854_0,0,
seg_225904854_1,0,
seg_226032545_0,0,
seg_226284064_0,0,
seg_226284066_0,0,
seg_226285940_0,0,
seg_226285940_1,0,
seg_228262995_0,0,
seg_228263000_0,0,
seg_228263001_0,0,
seg_228263001_1,0,
seg_228263001_2,0,
seg_228263003_0,0,
seg_228275670_0,0,
seg_228275680_0,0,
seg_228275680_1,0,
seg_228275680_2,0,
seg_228411360_0,0,
seg_228411360_1,0,
seg_228411360_2,0,
seg_228539976_0,0,
seg_228539976_1,0,
seg_228549920_0,0,
seg_229557756_0,0,
seg_229557757_0,0,
seg_229795710_0,0,
seg_229795710_1,0,
seg_229795746_0,0,
seg_229922210_0,0,
seg_229922212_0,0,
seg_230000184_0,0,
seg_230003428_0,0,
seg_230003429_0,0,
seg_230003429_1,0,
seg_231238012_0,0,
seg_238491031_0,0,
seg_238491032_0,0,
seg_238491033_0,2,1.73
seg_238491045_0,0,
seg_238491054_0,0,
seg_238491395_0,0,
seg_238491396_0,6,1.56
seg_238496654_0,0,
seg_238496655_0,0,
seg_238496656_0,0,
seg_238496656_1,0,
seg_238496656_2,7,17.89
seg_238496657_0,0,
seg_238496657_1,1,4.06
seg_238496657_2,1,2.48
seg_238496657_3,0,
seg_238496657_4,5,6.56
seg_238496657_5,0,
seg_238560159_0,4,12.51
seg_238560167_0,2,9.75
seg_238560173_0,0,
seg_238560176_0,0,
seg_238560178_0,0,
seg_238560178_1,1,3.41
seg_238668504_0,0,
seg_238668506_0,0,
seg_238668506_1,0,
seg_238668506_2,0,
seg_238668506_3,0,
seg_238668506_4,0,
seg_238668506_5,0,
seg_238668506_6,0,
seg_238668506_7,0,
seg_238668508_0,0,
seg_238668508_1,0,
seg_238668512_0,0,
seg_238668512_1,0,
seg_238668512_2,0,
seg_238668515_0,0,
seg_238668526_0,0,
seg_238668527_0,0,
seg_238668527_1,0,
seg_244619572_0,0,
seg_244619587_0,0,
seg_261074438_0,0,
seg_261074438_1,0,
seg_261074442_0,0,
seg_261074444_0,0,
seg_261074444_1,0,
seg_261074445_0,0,
seg_261074445_1,0,
seg_261074446_0,0,
seg_261074447_0,0,
seg_261074449_0,0,
seg_261074451_0,0,
seg_261074453_0,0,
seg_261074453_1,0,
seg_261074454_0,0,
seg_261074454_1,0,
seg_261074456_0,0,
seg_261078158_0,0,
seg_262982732_0,0,
seg_262982735_0,0,
seg_262982735_1,0,
seg_262982735_2,0,
seg_262982742_0,0,
seg_284662840_0,4,3.9
seg_284662912_0,0,
seg_284799028_0,0,
seg_284799028_1,0,
seg_284799028_2,0,
seg_284804891_0,0,
seg_284804891_1,0,
seg_284804891_2,0,
seg_284804891_3,0,
seg_284804891_4,0,
seg_284804900_0,0,
seg_284804904_0,0,
seg_284804904_1,0,
seg_284804913_0,0,
seg_284804914_0,0,
seg_284804914_1,0,
seg_284804914_2,0,
seg_284804920_0,0,
seg_284804920_1,0,
seg_284804922_0,0,
seg_284804924_0,0,
seg_284804927_0,0,
seg_284804928_0,0,
seg_284804930_0,0,
seg_284804931_0,0,
seg_288458011_0,0,
seg_288458014_0,0,
seg_288458015_0,2,9.81
seg_288458016_0,2,13.44
seg_288458016_1,2,32.11
seg_288458016_2,0,
seg_288458018_0,2,16.03
seg_288458019_0,0,
seg_288523064_0,0,
seg_288523065_0,0,
seg_288523066_0,0,
seg_288523070_0,0,
seg_289680936_0,0,
seg_289680936_1,0,
seg_296776770_0,0,
seg_296776772_0,0,
seg_296903596_0,0,
seg_296903599_0,0,
seg_296907391_0,0,
seg_296907391_1,0,
seg_296907395_0,0,
seg_296909302_0,0,
seg_296909302_1,0,
seg_296912768_0,0,
seg_296915126_0,0,
seg_296915129_0,0,
seg_296935690_0,0,
seg_296941457_0,0,
seg_296946465_0,0,
seg_296946478_0,0,
seg_297979506_0,0,
seg_300868962_0,0,
seg_300906038_0,0,
seg_309948089_0,0,
seg_311848756_0,6,7.17
seg_324171520_0,0,
seg_324171522_0,0,
seg_324171524_0,0,
seg_324171524_1,0,
seg_324292580_0,0,
seg_324292580_1,0,
seg_324292581_0,0,
seg_324292581_1,0,
seg_324292582_0,0,
seg_324292583_0,0,
seg_324292584_0,0,
seg_324292585_0,0,
seg_324292585_1,0,
seg_329481192_0,0,
seg_338160885_0,0,
seg_338163264_0,0,
seg_338165583_0,0,
seg_338165601_0,0,
seg_338305064_0,0,
seg_338306255_0,0,
seg_338306256_0,0,
seg_338329179_0,0,
seg_338332426_0,0,
seg_338332956_0,0,
seg_338334538_0,0,
seg_338338874_0,0,
seg_338338875_0,0,
seg_338338876_0,0,
seg_338369841_0,0,
seg_349663132_0,0,
seg_349663132_1,0,
seg_349663306_0,0,
seg_349663351_0,0,
seg_349665371_0,0,
seg_349665371_1,0,
seg_349666214_0,0,
seg_349671887_0,0,
seg_363593108_0,0,
seg_367630023_0,0,
seg_386384618_0,0,
seg_386384620_0,0,
seg_386384620_1,0,
seg_386384625_0,0,
seg_386384629_0,0,
seg_386384629_1,0,
seg_386384631_0,0,
seg_386384632_0,0,
seg_386384632_1,0,
seg_386384633_0,0,
seg_386384633_1,0,
seg_386384633_2,0,
seg_386384633_3,0,
seg_386384633_4,0,
seg_386384633_5,0,
seg_386384634_0,0,
seg_386384634_1,0,
seg_386384634_2,0,
seg_386384634_3,0,
seg_386384634_4,0,
seg_386384636_0,0,
seg_386384636_1,0,
seg_386384637_0,0,
seg_386384637_1,0,
seg_386390129_0,0,
seg_386390130_0,0,
seg_386390131_0,0,
seg_386390132_0,0,
seg_386390133_0,0,
seg_386390134_0,0,
seg_386390135_0,0,
seg_386390136_0,0,
seg_386390136_1,0,
seg_386390136_2,0,
seg_386390136_3,0,
seg_386390136_4,0,
seg_386390136_5,0,
seg_386390138_0,0,
seg_386390139_0,0,
seg_386390140_0,0,
seg_386390140_1,0,
seg_386390140_2,0,
seg_386390140_3,0,
seg_386390140_4,0,
seg_386390140_5,0,
seg_386390140_6,0,
seg_386390140_7,0,
seg_386390140_8,0,
seg_386390141_0,0,
seg_386390142_0,0,
seg_386390142_1,0,
seg_386390142_2,0,
seg_386390142_3,0,
seg_386390143_0,0,
seg_386390143_1,0,
seg_386390143_2,0,
seg_386390143_3,0,
seg_386390144_0,0,
seg_386390145_0,0,
seg_386390146_0,0,
seg_387479829_0,0,
seg_387479829_1,0,
seg_389363496_0,0,
seg_389363497_0,0,
seg_391321284_0,0,
seg_391321284_1,0,
seg_391321284_2,0,
seg_393657586_0,0,
seg_393657586_1,0,
seg_395997750_0,0,
seg_395997750_1,0,
seg_395997750_2,0,
seg_395997750_3,0,
seg_395997751_0,0,
seg_395997752_0,0,
seg_405840603_0,0,
seg_405840603_1,0,
seg_405840603_2,0,
seg_405840603_3,0,
seg_405840603_4,0,
seg_405840604_0,0,
seg_405840604_1,0,
seg_405840604_2,0,
seg_405840604_3,0,
seg_405840604_4,0,
seg_405840604_5,0,
seg_405840604_6,0,
seg_405840604_7,0,
seg_405840604_8,0,
seg_405840604_9,0,
seg_405840605_0,0,
seg_405840605_1,0,
seg_405840605_2,0,
seg_405840605_3,0,
seg_405840606_0,0,
seg_405840606_1,0,
seg_405840606_2,0,
seg_405840607_0,0,
seg_405840610_0,0,
seg_405840610_1,0,
seg_407769473_0,0,
seg_407995792_0,0,
seg_407995793_0,0,
seg_421591810_0,0,
seg_421591816_0,0,
seg_421591816_1,0,
seg_421591816_2,0,
seg_421591821_0,0,
seg_421591821_1,0,
seg_421591821_2,0,
seg_421591822_0,0,
seg_421591826_0,0,
seg_431216810_0,0,
seg_431216811_0,0,
seg_431216811_1,0,
seg_431220703_0,0,
seg_431220703_1,0,
seg_431220703_2,0,
seg_431223046_0,0,
seg_431223046_1,0,
seg_431223046_2,0,
seg_431223046_3,0,
seg_431223046_4,0,
seg_431223046_5,0,
seg_431223046_6,0,
seg_431223046_7,0,
seg_431223046_8,0,
seg_431237222_0,0,
seg_431237222_1,0,
seg_431237222_2,0,
seg_431237223_0,0,
seg_431237224_0,0,
seg_431237225_0,0,
seg_431237227_0,0,
seg_431237227_1,0,
seg_431237227_2,0,
seg_431237228_0,0,
seg_431237228_1,0,
seg_448885366_0,0,
seg_448885367_0,0,
seg_459339984_0,0,
seg_459339985_0,0,
seg_459339985_1,0,
seg_459339985_2,0,
seg_461735602_0,0,
seg_461940997_0,0,
seg_461949860_0,0,
seg_461949860_1,0,
seg_461949861_0,0,
seg_461949861_1,0,
seg_461949861_2,0,
seg_461949861_3,0,
seg_461949861_4,0,
seg_461949861_5,0,
seg_461949861_6,0,
seg_461949861_7,0,
seg_461949945_0,0,
seg_461952487_0,0,
seg_479206974_0,0,
seg_497502697_0,0,
seg_497502697_1,0,
seg_497502697_2,0,
seg_497502701_0,0,
seg_497502704_0,0,
seg_497502726_0,0,
seg_497520981_0,0,
seg_497520981_1,0,
seg_497520981_2,0,
seg_497520981_3,0,
seg_497520981_4,0,
seg_497520981_5,0,
seg_497520982_0,0,
seg_497520984_0,0,
seg_497520984_1,0,
seg_497520985_0,0,
seg_497520988_0,0,
seg_497520989_0,0,
seg_497520990_0,0,
seg_497520991_0,0,
seg_497524496_0,0,
seg_497524502_0,0,
seg_497524503_0,0,
seg_497524503_1,0,
seg_507463415_0,0,
seg_507819474_0,0,
seg_507819525_0,0,
seg_507819548_0,0,
seg_508130609_0,0,
seg_508333037_0,0,
seg_508333037_1,0,
seg_508338574_0,0,
seg_508340155_0,0,
seg_508340345_0,0,
seg_508340347_0,0,
seg_508340348_0,0,
seg_508351469_0,0,
seg_508372269_0,0,
seg_508372271_0,0,
seg_508372459_0,0,
seg_508372514_0,0,
seg_508399298_0,0,
seg_508399298_1,0,
seg_508399320_0,0,
seg_508414076_0,0,
seg_508414105_0,0,
seg_508414105_1,0,
seg_508422339_0,0,
seg_508535624_0,0,
seg_508535878_0,0,
seg_508665336_0,0,
seg_508670974_0,0,
seg_508670974_1,0,
seg_508682546_0,0,
seg_508682548_0,0,
seg_508682549_0,0,
seg_508686071_0,0,
seg_508686075_0,0,
seg_508686078_0,0,
seg_508686081_0,0,
seg_508686084_0,0,
seg_508686087_0,0,
seg_508686089_0,0,
seg_508686095_0,0,
seg_508686095_1,0,
seg_508686095_2,0,
seg_508686096_0,0,
seg_508686096_1,0,
seg_508686097_0,0,
seg_508686097_1,0,
seg_508686097_2,0,
seg_508686099_0,0,
seg_508686099_1,0,
seg_508686100_0,0,
seg_508686101_0,0,
seg_508686103_0,0,
seg_508686106_0,0,
seg_508689386_0,0,
seg_508689386_1,0,
seg_508689386_2,0,
seg_508689386_3,0,
seg_508689388_0,0,
seg_508689389_0,0,
seg_508977077_0,0,
seg_509093239_0,0,
seg_509093274_0,0,
seg_510186674_0,0,
seg_510343702_0,0,
seg_510419357_0,0,
seg_510453156_0,0,
seg_510453156_1,0,
seg_510453157_0,0,
seg_511187551_0,0,
seg_511204936_0,0,
seg_511222631_0,0,
seg_511222631_1,0,
seg_511223689_0,0,
seg_511223689_1,0,
seg_511226643_0,0,
seg_511233664_0,0,
seg_511241181_0,0,
seg_511241181_1,0,
seg_511241181_2,0,
seg_511241181_3,0,
seg_513054988_0,0,
seg_513054989_0,0,
seg_513054989_1,0,
seg_513054989_2,0,
seg_513054989_3,0,
seg_513813454_0,0,
seg_513813477_0,0,
seg_513813477_1,0,
seg_513813493_0,0,
seg_513813493_1,0,
seg_513813493_2,0,
seg_517474923_0,0,
seg_517474924_0,0,
seg_517474927_0,0,
seg_517474928_0,0,
seg_517478747_0,0,
seg_517478748_0,0,
seg_517891508_0,0,
seg_517941876_0,0,
seg_517941876_1,0,
seg_517941876_2,0,
seg_518213044_0,0,
seg_523852496_0,0,
seg_534819102_0,0,
seg_534819102_1,0,
seg_534819107_0,0,
seg_534819107_1,0,
seg_540412989_0,7,79.71
seg_540412990_0,0,
seg_540412991_0,0,
seg_541319127_0,0,
seg_541319128_0,0,
seg_541319128_1,0,
seg_543480046_0,0,
seg_543623710_0,0,
seg_543623711_0,0,
seg_543623711_1,0,
seg_543623711_2,0,
seg_543623711_3,0,
seg_543623712_0,0,
seg_543623714_0,0,
seg_543623717_0,0,
seg_543623719_0,0,
seg_543624681_0,0,
seg_543624681_1,0,
seg_543624682_0,0,
seg_543624684_0,0,
seg_543627488_0,0,
seg_543627490_0,0,
seg_543640148_0,0,
seg_543640150_0,0,
seg_543640151_0,0,
seg_543640152_0,0,
seg_543640152_1,0,
seg_543640826_0,0,
seg_543640827_0,0,
seg_543646780_0,0,
seg_543646780_1,0,
seg_543646780_2,0,
seg_543647062_0,0,
seg_543647062_1,0,
seg_543647063_0,0,
seg_543647063_1,0,
seg_543647063_2,0,
seg_543649267_0,0,
seg_543649267_1,0,
seg_543649267_2,0,
seg_543649268_0,0,
seg_543649269_0,0,
seg_543650234_0,0,
seg_543653045_0,0,
seg_543653045_1,0,
seg_543653045_2,0,
seg_543653045_3,0,
seg_548223441_0,0,
seg_560851692_0,11,18.55
seg_560851692_1,1,152.25
seg_563748237_0,0,
seg_564639519_0,0,
seg_564639519_1,0,
seg_564639519_2,0,
seg_564639519_3,0,
seg_564639519_4,0,
seg_564639519_5,0,
seg_564639519_6,0,
seg_564639519_7,0,
seg_564639519_8,0,
seg_564639519_9,0,
seg_564639519_10,0,
seg_564639519_11,0,
seg_564639519_12,0,
seg_564639519_13,0,
seg_564639519_14,0,
seg_564639521_0,0,
seg_564639522_0,0,
seg_564639524_0,0,
seg_564659516_0,0,
seg_564659516_1,0,
seg_564659516_2,0,
seg_564659516_3,0,
seg_564665216_0,0,
seg_564665216_1,0,
seg_564665217_0,0,
seg_564665217_1,0,
seg_564665217_2,0,
seg_564665217_3,0,
seg_564671757_0,0,
seg_564671757_1,0,
seg_564671760_0,0,
seg_564671761_0,0,
seg_564671763_0,0,
seg_564671764_0,0,
seg_564671765_0,0,
seg_564671766_0,0,
seg_564671766_1,0,
seg_564671767_0,0,
seg_564671768_0,0,
seg_564671771_0,0,
seg_564682907_0,0,
seg_564682907_1,0,
seg_564682907_2,0,
seg_564682907_3,0,
seg_564682909_0,0,
seg_564682911_0,0,
seg_564682911_1,0,
seg_564682911_2,0,
seg_564682911_3,0,
seg_564682911_4,0,
seg_564682911_5,0,
seg_564682911_6,0,
seg_564682914_0,0,
seg_564697246_0,0,
seg_564697246_1,0,
seg_564697251_0,0,
seg_564697251_1,0,
seg_564697251_2,0,
seg_564697252_0,0,
seg_564697253_0,0,
seg_564697254_0,0,
seg_564697255_0,0,
seg_565084766_0,0,
seg_565084766_1,0,
seg_565084766_2,0,
seg_565084766_3,0,
seg_565084773_0,0,
seg_565084773_1,0,
seg_565084773_2,0,
seg_565084777_0,0,
seg_565084777_1,0,
seg_565084785_0,0,
seg_565084787_0,0,
seg_565084789_0,0,
seg_565084791_0,0,
seg_565097090_0,0,
seg_565100016_0,0,
seg_565100016_1,0,
seg_565100030_0,0,
seg_565100030_1,0,
seg_565100030_2,0,
seg_565100030_3,0,
seg_565100030_4,0,
seg_565100030_5,0,
seg_565103162_0,0,
seg_565103163_0,0,
seg_565103163_1,0,
seg_565103163_2,0,
seg_565103163_3,0,
seg_565103163_4,0,
seg_565103163_5,0,
seg_565103163_6,0,
seg_565103164_0,0,
seg_565103165_0,0,
seg_565103166_0,0,
seg_565103166_1,0,
seg_565302567_0,0,
seg_565302567_1,0,
seg_565302567_2,0,
seg_565302568_0,0,
seg_565306841_0,1,287.14
seg_1215960698_0,0,
seg_565306841_2,2,6.56
seg_565306892_0,2,0.52
seg_565306935_0,0,
seg_565306971_0,0,
seg_565307022_0,3,0.92
seg_565307145_0,0,
seg_565316308_0,0,
seg_565316308_1,0,
seg_565316325_0,0,
seg_565316325_1,0,
seg_565316325_2,0,
seg_565316325_3,0,
seg_565316331_0,0,
seg_565316331_1,0,
seg_565316338_0,0,
seg_565327369_0,0,
seg_565327369_1,0,
seg_565327369_2,0,
seg_565327381_0,0,
seg_565327381_1,0,
seg_565327381_2,0,
seg_565327381_3,0,
seg_565327383_0,0,
seg_565327389_0,0,
seg_565327404_0,0,
seg_565327408_0,0,
seg_565327422_0,0,
seg_565327432_0,0,
seg_565327437_0,0,
seg_565327437_1,0,
seg_565327437_2,0,
seg_565327437_3,0,
seg_565333175_0,0,
seg_565333180_0,0,
seg_565346085_0,0,
seg_565346089_0,0,
seg_565346101_0,0,
seg_565346101_1,0,
seg_565346101_2,0,
seg_565346108_0,0,
seg_565346110_0,0,
seg_565346112_0,0,
seg_565346114_0,0,
seg_565346114_1,0,
seg_565369280_0,0,
seg_565369280_1,0,
seg_566148617_0,0,
seg_572241504_0,0,
seg_572310492_0,0,
seg_572310492_1,0,
seg_572310492_2,0,
seg_572978613_0,0,
seg_572978613_1,0,
seg_573024145_0,0,
seg_585167216_0,0,
seg_587501118_0,0,
seg_588785832_0,0,
seg_588785838_0,0,
seg_588785839_0,0,
seg_588785839_1,0,
seg_588785839_2,0,
seg_588785840_0,0,
seg_588785841_0,0,
seg_588785851_0,0,
seg_588785856_0,0,
seg_588785866_0,0,
seg_588791117_0,0,
seg_605053762_0,0,
seg_605053763_0,0,
seg_605053773_0,0,
seg_609822887_0,0,
seg_609822888_0,0,
seg_609822890_0,0,
seg_609822890_1,0,
seg_609822893_0,0,
seg_609822894_0,0,
seg_609822895_0,0,
seg_609822895_1,0,
seg_609822896_0,0,
seg_609822898_0,0,
seg_609822898_1,0,
seg_609822898_2,0,
seg_609822898_3,0,
seg_609822899_0,0,
seg_609822900_0,0,
seg_609822902_0,0,
seg_609822902_1,0,
seg_609822902_2,0,
seg_609822903_0,0,
seg_609822904_0,0,
seg_609822905_0,0,
seg_609822905_1,0,
seg_610740582_0,0,
seg_610813575_0,0,
seg_610813581_0,0,
seg_611040819_0,0,
seg_611040819_1,0,
seg_611040820_0,0,
seg_611040820_1,0,
seg_611040824_0,0,
seg_611040824_1,0,
seg_611040824_2,0,
seg_611040824_3,0,
seg_611197746_0,0,
seg_611197746_1,0,
seg_611197746_2,0,
seg_611197746_3,0,
seg_611197746_4,0,
seg_611197746_5,0,
seg_611197747_0,0,
seg_611197747_1,0,
seg_611197747_2,0,
seg_611197747_3,0,
seg_611197747_4,0,
seg_611252812_0,0,
seg_611252812_1,0,
seg_611252812_2,0,
seg_611252816_0,0,
seg_611252816_1,0,
seg_611252816_2,0,
seg_611252816_3,0,
seg_611252816_4,0,
seg_611252816_5,0,
seg_611252816_6,0,
seg_611252820_0,0,
seg_611496536_0,0,
seg_611496537_0,0,
seg_611496537_1,0,
seg_611496537_2,0,
seg_611496537_3,0,
seg_611496537_4,0,
seg_611570677_0,0,
seg_611570677_1,0,
seg_611570677_2,0,
seg_611570677_3,0,
seg_611570678_0,0,
seg_611882068_0,0,
seg_611882070_0,0,
seg_611882070_1,0,
seg_611882070_2,0,
seg_611882075_0,0,
seg_611882075_1,0,
seg_611882078_0,0,
seg_611882078_1,0,
seg_611882079_0,0,
seg_611882085_0,0,
seg_611882085_1,0,
seg_611882086_0,0,
seg_611882087_0,0,
seg_611885489_0,0,
seg_611885490_0,0,
seg_612338401_0,0,
seg_612338403_0,0,
seg_612338405_0,0,
seg_612338405_1,0,
seg_612338405_2,0,
seg_613675717_0,0,
seg_613675718_0,0,
seg_613675720_0,0,
seg_613675720_1,0,
seg_613675720_2,0,
seg_615633237_0,0,
seg_1135116794_4,0,
seg_615633240_0,0,
seg_615633241_0,0,
seg_617226308_0,0,
seg_617226308_1,0,
seg_617226310_0,0,
seg_622569272_0,0,
seg_636366607_0,0,
seg_636805774_0,0,
seg_636805775_0,0,
seg_636805776_0,0,
seg_636805777_0,0,
seg_636944290_0,0,
seg_636944291_0,0,
seg_636944291_1,0,
seg_637560679_0,0,
seg_637560680_0,0,
seg_637560682_0,0,
seg_637560682_1,0,
seg_637560683_0,0,
seg_650917884_0,0,
seg_650917884_1,0,
seg_650979287_0,0,
seg_650980239_0,0,
seg_650986959_0,0,
seg_650994189_0,0,
seg_651001376_0,0,
seg_651001376_1,0,
seg_651413123_0,0,
seg_651413123_1,0,
seg_651640563_0,0,
seg_651640654_0,0,
seg_651641217_0,0,
seg_651641218_0,0,
seg_651641220_0,0,
seg_651641220_1,0,
seg_651641220_2,0,
seg_651641220_3,0,
seg_651641220_4,0,
seg_651641782_0,0,
seg_651912057_0,0,
seg_657773831_0,0,
seg_657782632_0,0,
seg_657782633_0,0,
seg_657782633_1,0,
seg_657782633_2,0,
seg_657782634_0,0,
seg_657782634_1,0,
seg_658697395_0,0,
seg_658698437_0,0,
seg_658702335_0,0,
seg_659471832_0,0,
seg_659471832_1,0,
seg_659471832_2,0,
seg_659471832_3,0,
seg_659471832_4,0,
seg_659471832_5,0,
seg_659471833_0,0,
seg_659471833_1,0,
seg_659472079_0,0,
seg_659533061_0,0,
seg_659533061_1,0,
seg_659574413_0,0,
seg_659574413_1,0,
seg_659574415_0,0,
seg_659574416_0,0,
seg_659574417_0,0,
seg_659574418_0,0,
seg_659574419_0,0,
seg_659574421_0,0,
seg_659776407_0,0,
seg_659776408_0,0,
seg_659776408_1,0,
seg_662904833_0,0,
seg_662904833_1,0,
seg_662904834_0,0,
seg_662904834_1,0,
seg_662907280_0,0,
seg_662909140_0,0,
seg_662909140_1,0,
seg_662909141_0,0,
seg_662909143_0,0,
seg_662909143_1,0,
seg_662909143_2,0,
seg_662909144_0,0,
seg_662911956_0,0,
seg_662911956_1,0,
seg_662911956_2,0,
seg_677269523_0,0,
seg_677506833_0,0,
seg_677506835_0,0,
seg_677506836_0,0,
seg_677506837_0,0,
seg_677506844_0,0,
seg_677506845_0,0,
seg_677506862_0,0,
seg_677506862_1,0,
seg_677506884_0,0,
seg_677506885_0,0,
seg_677506885_1,0,
seg_711640766_0,0,
seg_711640767_0,0,
seg_713328876_0,0,
seg_713328876_1,0,
seg_713345325_0,0,
seg_713365239_0,0,
seg_713375123_0,0,
seg_713375124_0,0,
seg_713385005_0,0,
seg_713385005_1,0,
seg_713543964_0,0,
seg_713578264_0,0,
seg_713580778_0,0,
seg_713580778_1,0,
seg_713582019_0,0,
seg_713582020_0,0,
seg_713586648_0,0,
seg_713587279_0,0,
seg_713587279_1,0,
seg_713587280_0,0,
seg_713587280_1,0,
seg_713587280_2,0,
seg_714344976_0,0,
seg_714347282_0,0,
seg_714355207_0,0,
seg_714390617_0,0,
seg_714398978_0,0,
seg_714406004_0,0,
seg_714406005_0,0,
seg_714408680_0,0,
seg_715193914_0,0,
seg_715363038_0,0,
seg_724689844_0,0,
seg_733194334_0,0,
seg_733443659_0,0,
seg_734350780_0,0,
seg_734350781_0,0,
seg_734350783_0,0,
seg_734350784_0,0,
seg_734350784_1,0,
seg_734350785_0,0,
seg_734350785_1,0,
seg_734642748_0,0,
seg_734642749_0,0,
seg_734642750_0,0,
seg_734642751_0,0,
seg_734642751_1,0,
seg_734642751_2,0,
seg_734642751_3,0,
seg_734642751_4,0,
seg_734642752_0,0,
seg_734738134_0,0,
seg_735380011_0,0,
seg_735380011_1,0,
seg_739795308_0,0,
seg_739795308_1,0,
seg_739795310_0,0,
seg_739795311_0,0,
seg_739795312_0,0,
seg_740044933_0,0,
seg_740044933_1,0,
seg_740044933_2,0,
seg_740044933_3,0,
seg_740044934_0,0,
seg_740044935_0,0,
seg_740044936_0,0,
seg_740099635_0,0,
seg_757109628_0,0,
seg_760408588_0,0,
seg_760408589_0,0,
seg_760408590_0,0,
seg_760743299_0,0,
seg_760743310_0,0,
seg_760743311_0,0,
seg_760743312_0,0,
seg_760743312_1,0,
seg_760743313_0,0,
seg_760743313_1,0,
seg_760743314_0,0,
seg_760743314_1,0,
seg_761332709_0,0,
seg_761332710_0,0,
seg_761332711_0,0,
seg_761332712_0,0,
seg_761332713_0,0,
seg_761332713_1,0,
seg_761332713_2,0,
seg_761332713_3,0,
seg_761332713_4,0,
seg_761342326_0,0,
seg_761342338_0,0,
seg_761342348_0,0,
seg_761342348_1,0,
seg_761342348_2,0,
seg_761342348_3,0,
seg_761342348_4,0,
seg_761342348_5,0,
seg_761342359_0,0,
seg_761342360_0,0,
seg_761342362_0,0,
seg_761342362_1,0,
seg_761925723_0,0,
seg_761938604_0,0,
seg_761945490_0,0,
seg_761945804_0,0,
seg_762343653_0,0,
seg_762343653_1,0,
seg_762343653_2,0,
seg_762343653_3,0,
seg_762343653_4,0,
seg_762797353_0,0,
seg_762797880_0,0,
seg_762798072_0,0,
seg_771296820_0,0,
seg_771296820_1,0,
seg_777399946_0,2,212.9
seg_777399947_0,0,
seg_777424697_0,0,
seg_777424698_0,0,
seg_777424701_0,0,
seg_777424702_0,0,
seg_777424703_0,0,
seg_777424704_0,0,
seg_777424704_1,0,
seg_777424709_0,0,
seg_823251326_0,0,
seg_823251385_0,0,
seg_823939411_0,0,
seg_823939412_0,0,
seg_823939432_0,0,
seg_823939433_0,0,
seg_823939435_0,0,
seg_823939436_0,0,
seg_823939437_0,0,
seg_823939455_0,0,
seg_823939457_0,0,
seg_823939458_0,0,
seg_823939458_1,0,
seg_823939459_0,0,
seg_823939494_0,0,
seg_823939495_0,0,
seg_824315765_0,0,
seg_824315766_0,0,
seg_824315766_1,0,
seg_824315767_0,0,
seg_824315768_0,0,
seg_824315769_0,0,
seg_824705931_0,0,
seg_824705932_0,0,
seg_825315692_0,0,
seg_825457790_0,0,
seg_825457791_0,0,
seg_825457808_0,0,
seg_825457812_0,0,
seg_825457813_0,0,
seg_825457814_0,0,
seg_826204303_0,0,
seg_826204304_0,0,
seg_826599920_0,0,
seg_826599921_0,0,
seg_826599922_0,0,
seg_826599923_0,0,
seg_826599928_0,0,
seg_826599929_0,0,
seg_826607792_0,0,
seg_827038734_0,0,
seg_833542452_0,0,
seg_833542453_0,0,
seg_833542453_1,0,
seg_833542455_0,0,
seg_833542464_0,0,
seg_833542464_1,0,
seg_833542465_0,0,
seg_833542466_0,0,
seg_833614160_0,0,
seg_833614163_0,0,
seg_833614164_0,0,
seg_856441088_0,0,
seg_867774688_0,0,
seg_867774689_0,0,
seg_867774689_1,0,
seg_867774690_0,0,
seg_867774690_1,0,
seg_867774690_2,0,
seg_867774690_3,0,
seg_867774691_0,0,
seg_867774693_0,0,
seg_867774693_1,0,
seg_867774694_0,0,
seg_867774695_0,0,
seg_867774700_0,0,
seg_867774702_0,0,
seg_867774702_1,0,
seg_867774702_2,0,
seg_867774702_3,0,
seg_867776438_0,0,
seg_868672421_0,0,
seg_884729744_0,3,3.3
seg_906724381_0,0,
seg_906724382_0,0,
seg_906724383_0,0,
seg_906724383_1,0,
seg_906724388_0,0,
seg_911817223_0,0,
seg_911817223_1,0,
seg_911817224_0,0,
seg_911817224_1,0,
seg_911817226_0,0,
seg_911817227_0,0,
seg_911817228_0,0,
seg_911817230_0,0,
seg_911817231_0,0,
seg_911817232_0,0,
seg_911817233_0,0,
seg_911817234_0,0,
seg_911820040_0,0,
seg_911820041_0,0,
seg_911820041_1,0,
seg_911820041_2,0,
seg_911820042_0,0,
seg_911820043_0,0,
seg_936690045_0,0,
seg_961161665_0,0,
seg_961161666_0,0,
seg_965128932_0,0,
seg_965128932_1,0,
seg_965128963_0,0,
seg_968152236_0,0,
seg_968152237_0,0,
seg_968152238_0,0,
seg_968152239_0,0,
seg_968351712_0,0,
seg_968352614_0,0,
seg_968355487_0,0,
seg_968375750_0,0,
seg_968375751_0,0,
seg_968375752_0,0,
seg_968375753_0,0,
seg_968388477_0,0,
seg_968413012_0,0,
seg_968413013_0,0,
seg_968413014_0,0,
seg_968413015_0,0,
seg_968418477_0,0,
seg_968418478_0,0,
seg_968418479_0,0,
seg_968425402_0,0,
seg_968425403_0,0,
seg_968435750_0,0,
seg_968436959_0,0,
seg_968464637_0,0,
seg_968464638_0,0,
seg_968467839_0,0,
seg_968467841_0,0,
seg_968467842_0,0,
seg_968467843_0,0,
seg_968739326_0,0,
seg_968739327_0,0,
seg_968763634_0,0,
seg_968763635_0,0,
seg_968763638_0,0,
seg_968773207_0,0,
seg_968773208_0,0,
seg_968956579_0,0,
seg_968956579_1,0,
seg_968956582_0,0,
seg_968956583_0,0,
seg_968959716_0,0,
seg_968959717_0,0,
seg_968959718_0,0,
seg_968959719_0,0,
seg_968959721_0,0,
seg_968963303_0,0,
seg_968963303_1,0,
seg_968963320_0,0,
seg_968963644_0,0,
seg_968963645_0,0,
seg_968963759_0,0,
seg_969132122_0,0,
seg_969494427_0,0,
seg_969494428_0,0,
seg_969538368_0,0,
seg_969538369_0,0,
seg_969540128_0,0,
seg_969540128_1,0,
seg_969545869_0,0,
seg_969545870_0,0,
seg_969679117_0,0,
seg_969679118_0,0,
seg_969680905_0,0,
seg_969680906_0,0,
seg_970251952_0,0,
seg_970251956_0,0,
seg_970251958_0,0,
seg_970251959_0,0,
seg_970251960_0,0,
seg_972662954_0,0,
seg_972662955_0,0,
seg_972662956_0,0,
seg_972662957_0,0,
seg_972662958_0,0,
seg_972662959_0,0,
seg_972662964_0,0,
seg_972662965_0,4,243.86
seg_972662999_0,0,
seg_972663000_0,0,
seg_972663010_0,0,
seg_972663011_0,0,
seg_972663012_0,0,
seg_972663012_1,0,
seg_972663013_0,0,
seg_975597842_0,0,
seg_975709679_0,0,
seg_977963761_0,0,
seg_977963762_0,0,
seg_977963763_0,0,
seg_977963764_0,0,
seg_986827273_0,0,
seg_987470054_0,0,
seg_987512978_0,0,
seg_991928708_0,0,
seg_997400499_0,0,
seg_1000095930_0,0,
seg_1000095930_1,0,
seg_1000095932_0,0,
seg_1000095932_1,0,
seg_1000095932_2,0,
seg_1000095933_0,0,
seg_1000095935_0,0,
seg_1000095937_0,0,
seg_1000095938_0,0,
seg_1013969997_0,0,
seg_1013969997_1,0,
seg_1013969998_0,0,
seg_1013969998_1,0,
seg_1013969998_2,0,
seg_1014551111_0,0,
seg_1260641179_0,0,
seg_1024517887_0,0,
seg_1035972998_0,0,
seg_1038595629_0,0,
seg_1038928900_0,0,
seg_1038928901_0,0,
seg_1039076875_0,0,
seg_1041338049_0,0,
seg_1041338049_1,0,
seg_1041439024_0,0,
seg_1043701537_0,0,
seg_1054721874_0,0,
seg_1054721875_0,0,
seg_1054721875_1,0,
seg_1054721875_2,0,
seg_1056464218_0,0,
seg_1070137324_0,0,
seg_1081980923_0,0,
seg_1081980924_0,0,
seg_1084979031_0,0,
seg_1084980317_0,0,
seg_1084980318_0,0,
seg_1084999676_0,0,
seg_1084999677_0,0,
seg_1085000825_0,0,
seg_1085000826_0,0,
seg_1088731462_0,0,
seg_1089360981_0,0,
seg_1101700465_0,0,
seg_1105224532_0,0,
seg_1105224532_1,0,
seg_1111679623_0,0,
seg_1111679624_0,0,
seg_1112682378_0,1,60.98
seg_1112682380_0,0,
seg_1113108547_0,2,58.52
seg_1117743812_0,0,
seg_1118012912_0,0,
seg_1118012912_1,0,
seg_1118012912_2,0,
seg_1118012913_0,0,
seg_1119956246_0,0,
seg_1119962580_0,0,
seg_1119962581_0,0,
seg_1119962583_0,0,
seg_1119962584_0,0,
seg_1124976974_0,0,
seg_1124976974_1,0,
seg_1125145370_0,0,
seg_1125145372_0,0,
seg_1133073673_0,0,
seg_1133073674_0,0,
seg_1133073675_0,0,
seg_1133073676_0,0,
seg_1133094844_0,0,
seg_1133094845_0,0,
seg_1133094846_0,0,
seg_1133623075_0,0,
seg_1133623076_0,0,
seg_1133623077_0,0,
seg_1133623078_0,0,
seg_1133623079_0,0,
seg_1133623080_0,0,
seg_1133623081_0,0,
seg_1133623082_0,0,
seg_1133773953_0,0,
seg_1134103725_0,0,
seg_1134103726_0,0,
seg_1134103726_1,0,
seg_1134103726_2,0,
seg_1134103726_3,0,
seg_1134409399_0,0,
seg_1134471679_0,0,
seg_1134471679_1,0,
seg_1134475405_0,0,
seg_1134475406_0,0,
seg_1134479121_0,0,
seg_1134479122_0,0,
seg_1134479123_0,0,
seg_1134479124_0,0,
seg_1134479125_0,0,
seg_1134479126_0,0,
seg_1134488242_0,0,
seg_1134488242_1,0,
seg_1134488243_0,0,
seg_1134488244_0,0,
seg_1134488245_0,0,
seg_1134488247_0,0,
seg_1134488248_0,0,
seg_1134488688_0,0,
seg_1134488688_1,0,
seg_1134488689_0,0,
seg_1134493928_0,0,
seg_1134493928_1,0,
seg_1134493928_2,0,
seg_1134493929_0,0,
seg_1134493930_0,0,
seg_1134493931_0,0,
seg_1134493932_0,0,
seg_1134493933_0,0,
seg_1134557175_0,0,
seg_1134557176_0,0,
seg_1134557176_1,0,
seg_1134698727_0,0,
seg_1134700732_0,0,
seg_1134702964_0,0,
seg_1134702965_0,0,
seg_1134702966_0,0,
seg_1134706100_0,0,
seg_1134706101_0,0,
seg_1134706102_0,0,
seg_1134753279_0,0,
seg_1134753280_0,0,
seg_1134753281_0,0,
seg_1134753281_1,0,
seg_1134753282_0,0,
seg_1134753283_0,0,
seg_1134753285_0,0,
seg_1134775131_0,0,
seg_1134883576_0,0,
seg_1134883576_1,0,
seg_1134917085_0,0,
seg_1134920397_0,0,
seg_1134920398_0,0,
seg_1134920399_0,0,
seg_1134920399_1,0,
seg_1134920400_0,0,
seg_1134920401_0,0,
seg_1134920401_1,0,
seg_1134920402_0,0,
seg_1134920403_0,0,
seg_1134920404_0,0,
seg_1135116793_0,0,
seg_1135116794_0,0,
seg_1135116794_1,0,
seg_1135116794_2,0,
seg_1135116794_3,0,
seg_1135116794_5,0,
seg_1135116794_6,0,
seg_1135116794_7,0,
seg_1135126725_0,0,
seg_1135130867_0,0,
seg_1135130868_0,0,
seg_1135130869_0,0,
seg_1135130870_0,0,
seg_1135139808_0,0,
seg_1135139809_0,0,
seg_1135140245_0,0,
seg_1135140246_0,0,
seg_1135140246_1,0,
seg_1135140246_2,0,
seg_1135608706_0,0,
seg_1135608706_1,0,
seg_1135608706_2,0,
seg_1135615390_0,0,
seg_1135617344_0,0,
seg_1135617345_0,0,
seg_1135624341_0,0,
seg_1135624342_0,0,
seg_1135627820_0,0,
seg_1135627820_1,0,
seg_1135638795_0,0,
seg_1135638795_1,0,
seg_1135638796_0,0,
seg_1135643962_0,0,
seg_1135663704_0,0,
seg_1135663704_1,0,
seg_1135670522_0,0,
seg_1135670523_0,0,
seg_1135672923_0,0,
seg_1135672924_0,0,
seg_1135672925_0,0,
seg_1135684882_0,0,
seg_1135684882_1,0,
seg_1135684883_0,0,
seg_1135684883_1,0,
seg_1135684884_0,0,
seg_1135684884_1,0,
seg_1135704871_0,0,
seg_1135704871_1,0,
seg_1135704871_2,0,
seg_1135704872_0,0,
seg_1135713424_0,0,
seg_1135713424_1,0,
seg_1135713424_2,0,
seg_1135713425_0,0,
seg_1135713426_0,0,
seg_1135713427_0,0,
seg_1135713427_1,0,
seg_1135727015_0,0,
seg_1135727016_0,0,
seg_1135727016_1,0,
seg_1135727017_0,0,
seg_1136626332_0,0,
seg_1136626333_0,0,
seg_1136626334_0,0,
seg_1136626335_0,0,
seg_1136650412_0,0,
seg_1136650413_0,0,
seg_1136650414_0,0,
seg_1136650415_0,0,
seg_1136650416_0,0,
seg_1136650417_0,0,
seg_1136652288_0,0,
seg_1136652289_0,0,
seg_1136652290_0,0,
seg_1136652291_0,0,
seg_1136652292_0,0,
seg_1136652293_0,0,
seg_1136652294_0,0,
seg_1136652295_0,0,
seg_1136652295_1,0,
seg_1136652295_2,0,
seg_1136662124_0,0,
seg_1136662125_0,0,
seg_1136662126_0,0,
seg_1136662127_0,0,
seg_1136662128_0,0,
seg_1136662128_1,0,
seg_1136662128_2,0,
seg_1136662128_3,0,
seg_1136662128_4,0,
seg_1136662128_5,0,
seg_1136662128_6,0,
seg_1136662128_7,0,
seg_1136662129_0,0,
seg_1136662130_0,0,
seg_1136662131_0,0,
seg_1136662132_0,0,
seg_1136662133_0,0,
seg_1136666266_0,0,
seg_1136677556_0,0,
seg_1136677557_0,0,
seg_1136677558_0,0,
seg_1136677559_0,0,
seg_1136677560_0,0,
seg_1136677561_0,0,
seg_1136677562_0,0,
seg_1136677563_0,0,
seg_1136677564_0,0,
seg_1136677564_1,0,
seg_1136677564_2,0,
seg_1136677564_3,0,
seg_1136677564_4,0,
seg_1136677564_5,0,
seg_1136677564_6,0,
seg_1136677564_7,0,
seg_1136677564_8,0,
seg_1136680756_0,0,
seg_1136680756_1,0,
seg_1136680757_0,0,
seg_1136680758_0,0,
seg_1136680759_0,0,
seg_1136680760_0,0,
seg_1136680761_0,0,
seg_1136680762_0,0,
seg_1136680763_0,0,
seg_1136680764_0,0,
seg_1136680765_0,0,
seg_1136680767_0,0,
seg_1136680767_1,0,
seg_1136680768_0,0,
seg_1136955005_0,0,
seg_1137195252_0,0,
seg_1137195252_1,0,
seg_1137195252_2,0,
seg_1137195253_0,0,
seg_1137195254_0,0,
seg_1137195255_0,0,
seg_1137198728_0,0,
seg_1137198728_1,0,
seg_1137198729_0,0,
seg_1137198730_0,0,
seg_1137198731_0,0,
seg_1137202314_0,0,
seg_1137494329_0,0,
seg_1137494330_0,0,
seg_1137494331_0,0,
seg_1137497049_0,0,
seg_1137497050_0,0,
seg_1137543887_0,0,
seg_1137543888_0,0,
seg_1137545037_0,0,
seg_1137545042_0,0,
seg_1137545043_0,0,
seg_1137545044_0,0,
seg_1137545045_0,0,
seg_1137545567_0,0,
seg_1138267124_0,0,
seg_1138267125_0,0,
seg_1138566511_0,0,
seg_1138566511_1,0,
seg_1138566512_0,0,
seg_1138571542_0,0,
seg_1138571543_0,0,
seg_1138618569_0,0,
seg_1138618570_0,0,
seg_1138625341_0,0,
seg_1138625342_0,0,
seg_1138625343_0,0,
seg_1138625344_0,0,
seg_1138626660_0,0,
seg_1138626661_0,0,
seg_1138647251_0,0,
seg_1138647252_0,0,
seg_1138655104_0,0,
seg_1138655104_1,0,
seg_1138655105_0,0,
seg_1138670173_0,0,
seg_1138670173_1,0,
seg_1138670174_0,0,
seg_1138687245_0,0,
seg_1138688164_0,0,
seg_1138688165_0,0,
seg_1138688166_0,0,
seg_1138688167_0,0,
seg_1138688168_0,0,
seg_1138688169_0,0,
seg_1139096380_0,0,
seg_1139101251_0,0,
seg_1139101252_0,0,
seg_1139102828_0,0,
seg_1139102829_0,0,
seg_1139104363_0,0,
seg_1139110691_0,0,
seg_1139110692_0,0,
seg_1139110693_0,0,
seg_1139110694_0,0,
seg_1139111648_0,0,
seg_1139111649_0,0,
seg_1139112798_0,0,
seg_1139112799_0,0,
seg_1139112800_0,0,
seg_1139112801_0,0,
seg_1139115768_0,0,
seg_1139115769_0,0,
seg_1139115770_0,0,
seg_1139115771_0,0,
seg_1139117559_0,0,
seg_1139117560_0,0,
seg_1139120410_0,0,
seg_1139129310_0,0,
seg_1139129311_0,0,
seg_1139143846_0,0,
seg_1139151483_0,0,
seg_1139151484_0,0,
seg_1139151485_0,0,
seg_1139151486_0,0,
seg_1139153087_0,0,
seg_1139153088_0,0,
seg_1139166515_0,0,
seg_1139166516_0,0,
seg_1139169700_0,0,
seg_1139169701_0,0,
seg_1140684457_0,0,
seg_1140684458_0,0,
seg_1140684459_0,0,
seg_1140709809_0,0,
seg_1140709810_0,0,
seg_1140709811_0,0,
seg_1140714886_0,0,
seg_1140714887_0,0,
seg_1140719185_0,0,
seg_1140719186_0,0,
seg_1140719455_0,0,
seg_1140719456_0,0,
seg_1140719457_0,0,
seg_1140719458_0,0,
seg_1140719459_0,0,
seg_1140719460_0,0,
seg_1140719460_1,0,
seg_1140719460_2,0,
seg_1140719460_3,0,
seg_1140719460_4,0,
seg_1140719460_5,0,
seg_1140719460_6,0,
seg_1140719461_0,0,
seg_1140719462_0,0,
seg_1140719462_1,0,
seg_1140719462_2,0,
seg_1140719462_3,0,
seg_1140719462_4,0,
seg_1140719462_5,0,
seg_1140719463_0,0,
seg_1140719945_0,0,
seg_1140764373_0,0,
seg_1140764374_0,0,
seg_1140764375_0,0,
seg_1140764376_0,0,
seg_1140794599_0,0,
seg_1140794600_0,0,
seg_1140796754_0,0,
seg_1140796754_1,0,
seg_1140796754_2,0,
seg_1140796754_3,0,
seg_1140796754_4,0,
seg_1140822812_0,0,
seg_1140822813_0,0,
seg_1140822814_0,0,
seg_1140822815_0,0,
seg_1140822816_0,0,
seg_1140822816_1,0,
seg_1140822816_2,0,
seg_1140822816_3,0,
seg_1140822816_4,0,
seg_1140845373_0,0,
seg_1140845374_0,0,
seg_1140845375_0,0,
seg_1140852975_0,0,
seg_1140852976_0,0,
seg_1140852978_0,0,
seg_1140852978_1,0,
seg_1140859821_0,0,
seg_1140859822_0,0,
seg_1140859822_1,0,
seg_1141040196_0,0,
seg_1141040197_0,0,
seg_1141042992_0,0,
seg_1141042993_0,0,
seg_1141065212_0,0,
seg_1141065213_0,0,
seg_1141068041_0,0,
seg_1141068515_0,0,
seg_1141336142_0,0,
seg_1141341333_0,0,
seg_1141341334_0,0,
seg_1141341335_0,0,
seg_1141442739_0,0,
seg_1141459279_0,0,
seg_1141459280_0,0,
seg_1141459281_0,0,
seg_1141459281_1,0,
seg_1141459281_2,0,
seg_1141459281_3,0,
seg_1141508944_0,0,
seg_1141508945_0,0,
seg_1141508946_0,0,
seg_1141885755_0,0,
seg_1141885755_1,0,
seg_1141885755_2,0,
seg_1141885756_0,0,
seg_1141885757_0,0,
seg_1141885757_1,0,
seg_1141885758_0,0,
seg_1142036316_0,0,
seg_1142036317_0,0,
seg_1142105328_0,0,
seg_1142105330_0,0,
seg_1142111860_0,0,
seg_1142424180_0,0,
seg_1142424181_0,0,
seg_1142984023_0,0,
seg_1142993600_0,0,
seg_1142993601_0,0,
seg_1142993602_0,0,
seg_1142993603_0,0,
seg_1142993604_0,0,
seg_1144626146_0,0,
seg_1144626147_0,0,
seg_1144660988_0,0,
seg_1144660989_0,0,
seg_1144942346_0,0,
seg_1144942347_0,0,
seg_1144942348_0,0,
seg_1154031784_0,0,
seg_1156261167_0,0,
seg_1159219312_0,0,
seg_1159219313_0,0,
seg_1159219313_1,0,
seg_1159219314_0,0,
seg_1159219314_1,0,
seg_1159219315_0,0,
seg_1166068331_0,0,
seg_1166099591_0,0,
seg_1166099591_1,0,
seg_1166099592_0,0,
seg_1166104392_0,0,
seg_1166115383_0,0,
seg_1167913722_0,0,
seg_1168198453_0,0,
seg_1168198453_1,0,
seg_1168198453_2,0,
seg_1168198454_0,0,
seg_1168212175_0,0,
seg_1168212181_0,0,
seg_1168212181_1,0,
seg_1168212182_0,0,
seg_1168231665_0,0,
seg_1168231666_0,0,
seg_1168231667_0,0,
seg_1168231683_0,0,
seg_1168231685_0,0,
seg_1168231686_0,0,
seg_1168231687_0,0,
seg_1168490072_0,0,
seg_1168490074_0,0,
seg_1168490074_1,0,
seg_1168490076_0,0,
seg_1168494029_0,0,
seg_1168494043_0,0,
seg_1168494044_0,0,
seg_1168494045_0,0,
seg_1168494045_1,0,
seg_1168494046_0,0,
seg_1168516993_0,1,327.46
seg_1168518207_0,0,
seg_1168518207_1,0,
seg_1168518208_0,0,
seg_1168518208_1,0,
seg_1168912554_0,0,
seg_1168938741_0,0,
seg_1169005476_0,0,
seg_1169005477_0,0,
seg_1169005477_1,0,
seg_1169005478_0,0,
seg_1169005479_0,0,
seg_1169005479_2,0,
seg_1169005481_0,0,
seg_1169009763_0,0,
seg_1169009768_0,0,
seg_1169009770_0,0,
seg_1169009770_1,0,
seg_1169009771_0,0,
seg_1169009772_0,0,
seg_1169009773_0,0,
seg_1169009775_0,0,
seg_1169009775_1,0,
seg_1169009776_0,0,
seg_1169796063_0,0,
seg_1169796063_1,0,
seg_1169796065_0,0,
seg_1169796067_0,0,
seg_1169798406_0,0,
seg_1169798406_1,0,
seg_1169798407_0,0,
seg_1169798408_0,0,
seg_1170044273_0,0,
seg_1170044275_0,0,
seg_1170473364_0,0,
seg_1170473364_1,0,
seg_1170473365_0,0,
seg_1170473366_0,0,
seg_1170528260_0,0,
seg_1170528260_1,0,
seg_1170528262_0,0,
seg_1171063880_0,0,
seg_1171063880_1,0,
seg_1171063882_0,0,
seg_1171063883_0,0,
seg_1172016260_0,2,5.29
seg_1172016260_1,1,1.74
seg_1172016261_0,0,
seg_1172385628_0,0,
seg_1172385628_1,0,
seg_1172385628_2,0,
seg_1172386104_0,0,
seg_1172386104_1,0,
seg_1172386104_2,0,
seg_1172386105_0,0,
seg_1172642707_0,0,
seg_1172642707_1,0,
seg_1172642708_0,0,
seg_1172642708_1,0,
seg_1172642709_0,0,
seg_1172642755_0,0,
seg_1172642756_0,0,
seg_1180151100_0,0,
seg_1180151100_1,0,
seg_1180151217_0,0,
seg_1180151218_0,0,
seg_1180151218_1,0,
seg_1180151506_0,0,
seg_1180151507_0,0,
seg_1190512285_0,0,
seg_1190512285_1,0,
seg_1190512286_0,0,
seg_1190808120_0,0,
seg_1193729434_0,0,
seg_1199467421_0,0,
seg_1200772287_0,0,
seg_1203521285_0,0,
seg_1204084579_0,0,
seg_1204084580_0,0,
seg_1204084580_1,0,
seg_1204084580_2,0,
seg_1204084581_0,0,
seg_1204084582_0,0,
seg_1205055571_0,0,
seg_1205415060_0,0,
seg_1205415060_1,0,
seg_1205415060_2,0,
seg_1205415060_3,0,
seg_1205415060_4,0,
seg_1205415060_5,0,
seg_1205415061_0,0,
seg_1209648724_0,0,
seg_1210473142_0,0,
seg_1210473143_0,0,
seg_1211521032_0,0,
seg_1211537585_0,0,
seg_1211537586_0,0,
seg_1214448839_0,0,
seg_1215962194_0,0,
seg_1215962197_0,0,
seg_1215962198_0,0,
seg_1216161241_0,0,
seg_1217478195_0,2,118.35
seg_1217671033_0,0,
seg_1217671034_0,0,
seg_1218448726_0,0,
seg_1220428919_0,0,
seg_1223110857_0,0,
seg_1224696303_0,0,
seg_1225015801_0,0,
seg_1225015801_1,0,
seg_1234807535_0,0,
seg_1238593177_0,0,
seg_1238593177_1,0,
seg_1238593177_2,0,
seg_1238593177_3,0,
seg_1244284016_0,0,
seg_1246237801_0,0,
seg_1254970067_0,0,
seg_1254970076_0,0,
seg_1254970077_0,0,
seg_1254970083_0,0,
seg_1254970084_0,0,
seg_1255370583_0,0,
seg_1255710649_0,0,
seg_1255710651_0,0,
seg_1255710653_0,0,
seg_1255710655_0,0,
seg_1255710656_0,0,
seg_1255710659_0,0,
seg_1255710660_0,0,
seg_1255710662_0,0,
seg_1255710663_0,0,
seg_1257321454_0,0,
seg_1257321454_1,0,
seg_1258150362_0,0,
seg_1258475234_0,0,
seg_1260641175_0,0,
seg_1260641176_0,0,
seg_1260641177_0,0,
seg_1260641178_0,0,
seg_1260641180_0,0,
seg_1260641184_0,0,
seg_1260641185_0,0,
seg_1263150909_0,0,
seg_1263150910_0,0,
seg_1263291412_0,0,
seg_1263300333_0,0,
seg_1266648458_0,0,
seg_1266648458_1,0,
seg_1266648458_2,0,
seg_1266648458_3,0,
seg_1266648458_4,0,
seg_1266648458_5,0,
seg_1266648607_0,0,
seg_1266648607_1,0,
seg_1266648607_2,0,
seg_1266648607_3,0,
seg_1266648607_4,0,
seg_1266764608_0,0,
seg_1266764609_0,0,
seg_1266775599_0,0,
seg_1266775600_0,0,
seg_1266775601_0,0,
seg_1266775602_0,0,
seg_1266997776_0,0,
seg_1266997777_0,0,
seg_1266997778_0,0,
seg_1266997779_0,0,
seg_1266997780_0,0,
seg_1266997782_0,0,
seg_1266997783_0,0,
seg_1266997784_0,0,
seg_1267001373_0,0,
seg_1267009904_0,0,
seg_1267009905_0,0,
seg_1267016276_0,0,
seg_1267016276_1,0,
seg_1267016629_0,0,
seg_1267016630_0,0,
seg_1267016630_1,0,
seg_1267016630_2,0,
seg_1267016630_3,0,
seg_1267016630_4,0,
seg_1267016630_5,0,
seg_1267016630_6,0,
seg_1267016630_7,0,
seg_1267016630_8,0,
seg_1267016631_0,0,
seg_1267016632_0,0,
seg_1267016633_0,0,
seg_1267017648_0,0,
seg_1267017649_0,0,
seg_1267017649_1,0,
seg_1267017650_0,0,
seg_1267017651_0,0,
seg_1267017652_0,0,
seg_1267017652_1,0,
seg_1267017653_0,0,
seg_1267017653_1,0,
seg_1267017653_2,0,
seg_1267017653_3,0,
seg_1267017653_4,0,
seg_1267017653_5,0,
seg_1267017654_0,0,
seg_1267017655_0,0,
seg_1267018328_0,0,
seg_1267018329_0,0,
seg_1267018330_0,0,
seg_1267019486_0,0,
seg_1267019487_0,0,
seg_1267019487_1,0,
seg_1267019488_0,0,
seg_1267019488_1,0,
seg_1267019489_0,0,
seg_1267019489_1,0,
seg_1267019490_0,0,
seg_1267019491_0,0,
seg_1267019492_0,0,
seg_1267019493_0,0,
seg_1267021992_0,0,
seg_1267021994_0,0,
seg_1267021995_0,0,
seg_1267021995_1,0,
seg_1267021996_0,0,
seg_1267021997_0,0,
seg_1267021998_0,0,
seg_1267026379_0,0,
seg_1267051365_0,0,
seg_1267059101_0,0,
seg_1267059101_1,0,
seg_1267059102_0,0,
seg_1267059103_0,0,
seg_1267059104_0,0,
seg_1267059105_0,0,
seg_1267059106_0,0,
seg_1267060647_0,0,
seg_1267084994_0,0,
seg_1267087865_0,0,
seg_1267087865_1,0,
seg_1267087865_2,0,
seg_1267087865_3,0,
seg_1267087866_0,0,
seg_1267089651_0,0,
seg_1268305483_0,0,
seg_1268305484_0,0,
seg_1268305485_0,0,
seg_1268305486_0,0,
seg_1268305487_0,0,
seg_1268305488_0,0,
seg_1268305489_0,0,
seg_1268305490_0,0,
seg_1289573613_0,0,
seg_1292544953_0,0,
seg_1292544954_0,0,
seg_1292598208_0,0,
seg_1292598208_1,0,
seg_1292598209_0,0,
seg_1292598210_0,0,
seg_1292598210_1,0,
seg_1292598211_0,0,
seg_1292598916_0,0,
seg_1292985004_0,0,
seg_1292992763_0,0,
seg_1292993315_0,0,
seg_1292993723_0,0,
seg_1292994711_0,0,
seg_1292998861_0,0,
seg_1293034683_0,0,
seg_1295700053_0,0,
seg_1298049683_0,0,
seg_1298049684_0,0,
seg_1298049685_0,0,
seg_1298049686_0,0,
seg_1298049687_0,0,
seg_1298049688_0,0,
seg_1298049689_0,0,
seg_1299717863_0,0,
seg_1300169029_0,0,
seg_1300169030_0,0,
seg_1300169031_0,0,
seg_1300169031_1,0,
seg_1300169034_0,0,
seg_1300169035_0,0,
seg_1300194652_0,0,
seg_1300194653_0,0,
seg_1300194989_0,0,
seg_1300313524_0,0,
seg_1300313539_0,0,
seg_1300459142_0,0,
seg_1300467690_0,0,
seg_1300467692_0,0,
seg_1300967520_0,0,
seg_1301081252_0,0,
seg_1301686493_0,0,
seg_1301686494_0,0,
seg_1302829764_0,0,
seg_1303282109_0,0,
seg_1303506603_0,0,
seg_1303528063_0,0,
seg_1303528068_0,0,
seg_1303528068_1,0,
seg_1303528069_0,0,
seg_1303628858_0,0,
seg_1303628859_0,0,
seg_1303629604_0,0,
seg_1303630934_0,0,
seg_1303630934_1,0,
seg_1303630935_0,0,
seg_1303630936_0,0,
seg_1303630936_1,0,
seg_1303630938_0,0,
seg_1303630940_0,0,
seg_1303630941_0,0,
seg_1303632308_0,0,
seg_1303632309_0,0,
seg_1303632311_0,0,
seg_1303633144_0,0,
seg_1303634357_0,0,
seg_1303636913_0,0,
seg_1303638102_0,0,
seg_1303638102_1,0,
seg_1303639550_0,0,
seg_1303639551_0,0,
seg_1303639552_0,0,
seg_1303639553_0,0,
seg_1303639554_0,0,
seg_1303639554_1,0,
seg_1303639555_0,0,
seg_1303639555_1,0,
seg_1303639556_0,0,
seg_1303639558_0,0,
seg_1303639559_0,0,
seg_1303639560_0,0,
seg_1303639561_0,0,
seg_1303652893_0,0,
seg_1303652893_1,0,
seg_1303652893_2,0,
seg_1303652894_0,0,
seg_1303652894_1,0,
seg_1303652894_2,0,
seg_1303652894_3,0,
seg_1303652896_0,0,
seg_1303653241_0,0,
seg_1303657443_0,0,
seg_1303657444_0,0,
seg_1303658393_0,0,
seg_1303658393_1,0,
seg_1303658395_0,0,
seg_1303658397_0,0,
seg_1303658397_1,0,
seg_1303658398_0,0,
seg_1303658428_0,0,
seg_1303661728_0,0,
seg_1303662057_0,0,
seg_1303662058_0,0,
seg_1303670337_0,0,
seg_1303671848_0,0,
seg_1303671848_1,0,
seg_1303671849_0,0,
seg_1303671849_1,0,
seg_1303675854_0,0,
seg_1303678276_0,0,
seg_1303679232_0,0,
seg_1303679233_0,0,
seg_1303693394_0,0,
seg_1303821774_0,0,
seg_1303854971_0,0,
seg_1304569810_0,0,
seg_1304575598_0,0,
seg_1304578587_0,0,
seg_1304578588_0,0,
seg_1304592228_0,0,
seg_1304620657_0,0,
seg_1304620662_0,0,
seg_1304833640_0,0,
seg_1304833641_0,0,
seg_1305429462_0,0,
seg_1305429463_0,0,
seg_1305429463_1,0,
seg_1305429477_0,0,
seg_1305429477_1,0,
seg_1305429479_0,0,
seg_1305429480_0,0,
seg_1305429480_1,0,
seg_1305429480_2,0,
seg_1305429480_3,0,
seg_1305429480_4,0,
seg_1305429481_0,0,
seg_1305429481_1,0,
seg_1305429482_0,0,
seg_1305429483_0,0,
seg_1305429483_1,0,
seg_1305429484_0,0,
seg_1305429485_0,0,
seg_1305429486_0,0,
seg_1305429487_0,0,
seg_1305429488_0,0,
seg_1305429489_0,0,
seg_1305429490_0,0,
seg_1305429491_0,0,
seg_1305429492_0,0,
seg_1305429492_1,0,
seg_1305429492_2,0,
seg_1305429493_0,0,
seg_1305429494_0,0,
seg_1305429495_0,0,
seg_1305429498_0,0,
seg_1305429498_1,0,
seg_1305429498_2,0,
seg_1305429498_3,0,
seg_1305429499_0,0,
seg_1305429500_0,0,
seg_1305429500_1,0,
seg_1305429502_0,0,
seg_1305429503_0,0,
seg_1305429504_0,0,
seg_1305429505_0,0,
seg_1305429506_0,0,
seg_1305429506_1,0,
seg_1305429624_0,0,
seg_1305429625_0,0,
seg_1305471302_0,0,
seg_1305471303_0,0,
seg_1305471307_0,0,
seg_1305471308_0,0,
seg_1305471309_0,0,
seg_1305471310_0,0,
seg_1305471310_1,0,
seg_1305471322_0,0,
seg_1305471323_0,0,
seg_1305471328_0,0,
seg_1305471329_0,0,
seg_1305471329_1,0,
seg_1305471329_2,0,
seg_1305471330_0,0,
seg_1305471330_1,0,
seg_1305471330_2,0,
seg_1305471331_0,0,
seg_1305471332_0,0,
seg_1305471333_0,0,
seg_1305471333_1,0,
seg_1305471333_2,0,
seg_1305743436_0,0,
seg_1305743436_1,0,
seg_1305743438_0,0,
seg_1305743473_0,0,
seg_1305743474_0,0,
seg_1305934835_0,0,
seg_1305934835_1,0,
seg_1305934836_0,0,
seg_1305934837_0,0,
seg_1305934838_0,0,
seg_1305934839_0,0,
seg_1305934840_0,0,
seg_1305934841_0,0,
seg_1305934841_1,0,
seg_1305934842_0,0,
seg_1305934842_1,0,
seg_1306224751_0,0,
seg_1308359404_0,0,
seg_1308359404_1,0,
seg_1311573088_0,0,
seg_1311938772_0,0,
seg_1316335231_0,0,
seg_1316335232_0,0,
seg_1316335233_0,0,
seg_1316335234_0,0,
seg_1316335235_0,0,
seg_1316335236_0,0,
seg_1316335236_1,0,
seg_1316335236_2,0,
seg_1316335709_0,0,
seg_1316335715_0,0,
seg_1316335719_0,0,
seg_1316335720_0,0,
seg_1316336548_0,0,
seg_1316336549_0,0,
seg_1316336550_0,0,
seg_1316336551_0,0,
seg_1316336552_0,0,
seg_1316336552_1,0,
seg_1316337181_0,0,
seg_1316337181_1,0,
seg_1316337182_0,0,
seg_1316337183_0,0,
seg_1316337184_0,0,
seg_1316339675_0,0,
seg_1316339676_0,0,
seg_1316339677_0,0,
seg_1316339678_0,0,
seg_1316339679_0,0,
seg_1316339680_0,0,
seg_1316340877_0,0,
seg_1316340878_0,0,
seg_1316340879_0,0,
seg_1316342007_0,0,
seg_1316342008_0,0,
seg_1316342009_0,0,
seg_1316342010_0,0,
seg_1316342011_0,0,
seg_1316342012_0,0,
seg_1316342012_1,0,
seg_1316342012_2,0,
seg_1316342871_0,0,
seg_1316342872_0,0,
seg_1316342873_0,0,
seg_1316342874_0,0,
seg_1316343251_0,0,
seg_1316343252_0,0,
seg_1316343253_0,0,
seg_1316343254_0,0,
seg_1316344080_0,0,
seg_1316345597_0,0,
seg_1316345598_0,0,
seg_1316345599_0,0,
seg_1316345600_0,0,
seg_1316345602_0,0,
seg_1316345603_0,0,
seg_1316345604_0,0,
seg_1316345605_0,0,
seg_1316345913_0,0,
seg_1316345913_1,0,
seg_1316345914_0,0,
seg_1316345914_1,0,
seg_1316345916_0,0,
seg_1316345917_0,0,
seg_1316345918_0,0,
seg_1316346102_0,0,
seg_1316346103_0,0,
seg_1316346957_0,0,
seg_1316346958_0,0,
seg_1316346959_0,0,
seg_1316346960_0,0,
seg_1316346961_0,0,
seg_1316346962_0,0,
seg_1316348115_0,0,
seg_1316348116_0,0,
seg_1327825224_0,0,
seg_1327825224_1,0,
seg_1327825225_0,0,
seg_1329018517_0,0,
seg_1329018518_0,0,
seg_1329018519_0,0,
seg_1336405748_0,0,
seg_1336570549_0,0,
seg_1341827548_0,0,
seg_1341827549_0,0,
seg_1343462011_0,0,
seg_1343462011_1,0,
seg_1343462011_2,0,
seg_1343462012_0,0,
seg_1343462013_0,0,
seg_1343462014_0,0,
seg_1343462015_0,0,
seg_1343462016_0,0,
seg_1343462017_0,0,
seg_1346657509_0,0,
seg_1347399310_0,0,
seg_1347399310_1,0,
seg_1347689928_0,0,
seg_1347689930_0,0,
seg_1348282534_0,0,
seg_1352373152_0,0,
seg_1352373153_0,0,
seg_1352373154_0,0,
seg_1352373154_1,0,
seg_1352373155_0,0,
seg_1352942191_0,0,
seg_1352942192_0,0,
seg_1353673326_0,0,
seg_1358138912_0,0,
seg_1358138913_0,0,
seg_1359005970_0,0,
seg_1359627235_0,0,
seg_1359627236_0,0,
seg_1359627237_0,0,
seg_1359627238_0,0,
seg_1359705145_0,0,
seg_1361022881_0,0,
seg_1361022882_0,0,
seg_1361022883_0,0,
seg_1361022884_0,0,
seg_1361022885_0,0,
seg_1367623063_0,0,
seg_1368046924_0,0,
seg_1375556218_0,0,
seg_1378319573_0,0,
seg_1378319574_0,0,
seg_1379983543_0,0,
seg_1379983544_0,0,
seg_1379983545_0,0,
seg_1379983546_0,0,
seg_1379983547_0,0,
seg_1379983548_0,0,
seg_1379983549_0,0,
seg_1380271172_0,0,
seg_1380271172_1,0,
seg_1380271401_0,0,
seg_1380272947_0,0,
seg_1380272948_0,0,
seg_1380272949_0,0,
seg_1380272950_0,0,
seg_1380272951_0,0,
seg_1380273688_0,0,
seg_1380273689_0,0,
seg_1380273690_0,0,
seg_1380273691_0,0,
seg_1380273692_0,0,
seg_1380274091_0,0,
seg_1380294240_0,0,
seg_1380295076_0,0,
seg_1380295076_1,0,
seg_1380297889_0,0,
seg_1380300120_0,0,
seg_1380300120_1,0,
seg_1380300120_2,0,
seg_1381156912_0,0,
seg_1381156915_0,0,
seg_1381156915_1,0,
seg_1381156915_2,0,
seg_1381159416_0,0,
seg_1381159416_1,0,
seg_1381159416_2,0,
seg_1381166429_0,0,
seg_1382286754_0,0,
seg_1382286754_1,0,
seg_1382288142_0,0,
seg_1382288142_1,0,
seg_1382288421_0,0,
seg_1382288838_0,0,
seg_1382288838_1,0,
seg_1382296771_0,0,
seg_1382296771_1,0,
seg_1382297540_0,0,
seg_1382298449_0,0,
seg_1382298449_1,0,
seg_1382302574_0,0,
seg_1382302580_0,0,
seg_1382303565_0,0,
seg_1382309832_0,0,
seg_1388441903_0,0,
seg_1388441904_0,0,
seg_1389996751_0,0,
seg_1391116405_0,0,
seg_1391116406_0,0,
seg_1391116407_0,0,
seg_1391116408_0,0,
seg_1392332258_0,0,
seg_1394466734_0,0,
seg_1394495906_0,0,
seg_1411376127_0,0,
seg_1411376127_1,0,
seg_1411376127_2,0,
seg_1411376127_3,0,
seg_1411376127_4,0,
seg_1411376128_0,0,
seg_1411376129_0,0,
seg_1411376130_0,0,
seg_1425558155_0,0,
seg_1478892440_0,0,
seg_1479443834_0,0,
seg_1480025226_0,0,
seg_1480025227_0,0,
seg_1493628810_0,0,
seg_1500143088_0,0,
seg_1518464886_0,0,
seg_1518464886_1,0,
seg_1532950625_0,0,
seg_1532950625_1,0,
seg_1532950625_2,0,
seg_1532950625_3,0,
seg_1532950625_4,0,
seg_1532950625_5,0,
seg_1532950625_6,0,
seg_1532950625_7,0,
seg_1532950625_8,0,
seg_1532950626_0,0,
seg_1532950626_1,0,
seg_1532950626_2,0,
seg_1532950626_3,0,
seg_1532950626_4,0,
seg_1532950626_5,0,
seg_1532950626_6,0,
seg_1532950626_7,0,
seg_1532950627_0,0,
seg_1532950628_0,0,
seg_1532950628_1,0,
seg_1532950629_0,0,
seg_1532952890_0,0,
seg_1532952891_0,0,
seg_1532952892_0,0,
seg_1532952893_0,0,
seg_1532952894_0,0,
seg_1532952895_0,0,
seg_1532952896_0,0,
seg_1532952897_0,0,
seg_1533509407_0,0,
seg_1533509407_1,0,
seg_1533572618_0,0,
seg_1533572619_0,0,
seg_1533576823_0,0,
seg_1533576824_0,0,
seg_1533995078_0,0,
seg_1533995079_0,0,
seg_1533995081_0,0,
seg_1533995082_0,0,
seg_1534178488_0,0,
seg_1537208035_0,0,
seg_1537208036_0,0,
seg_1537208037_0,0,
seg_1537208038_0,0,
seg_1537208039_0,0,
seg_1537208040_0,0,
seg_1537208041_0,0,
seg_1537208042_0,0,
seg_1537208043_0,0,
seg_1537208044_0,0,
seg_1537208045_0,0,
seg_1540881234_0,0,
